DepMap ID,BUB1_expression,BUB3_expression,Cell Line Name,Primary Disease,Lineage
ACH-001113,5.815831566,6.795065583,LC1SQSF,Lung Cancer,Lung
ACH-001289,5.522306893,7.497532533,COGAR359,Rhabdoid,Soft Tissue
ACH-001339,5.524502537,6.543341212,COLO794,Skin Cancer,Skin
ACH-001538,4.90014226,7.217812331,KKU213,Bile Duct Cancer,Bile Duct
ACH-000242,5.150153455,7.941341105,RT4,Bladder Cancer,Urinary Tract
ACH-000708,5.258518925,7.601770788,SNU283,Colon/Colorectal Cancer,Colorectal
ACH-000327,4.445594291,6.22881869,NCIH1395,Lung Cancer,Lung
ACH-000233,5.477353527,7.201045686,DEL,Lymphoma,Lymphocyte
ACH-000461,5.951634417,7.718224612,SNU1196,Bile Duct Cancer,Bile Duct
ACH-000705,5.076815597,6.459595552,LC1F,Lung Cancer,Lung
ACH-001794,3.992768431,6.973266861,93T449,Liposarcoma,Soft Tissue
ACH-002023,5.093813673,7.018033223,TGBC18TKB,Colon/Colorectal Cancer,Colorectal
ACH-000528,5.129695157,7.089582893,ABC1,Lung Cancer,Lung
ACH-001655,4.482202926,6.666756592,SKN,Endometrial/Uterine Cancer,Uterus
ACH-000167,6.156234798,8.19184884,KE97,Myeloma,Plasma Cell
ACH-000792,6.220523436,7.62935662,BFTC909,Kidney Cancer,Kidney
ACH-001098,4.292781749,6.92314918,KCIMOH1,Pancreatic Cancer,Pancreas
ACH-000570,5.405311683,7.5987225,YKG1,Brain Cancer,Central Nervous System
ACH-000351,5.309976492,7.199770484,MKN1,Gastric Cancer,Gastric
ACH-000769,5.729824644,7.19357464,LK2,Lung Cancer,Lung
ACH-000154,5.106850796,7.705148528,HS888T,Fibroblast,Fibroblast
ACH-000828,4.658782734,7.785615937,ZR7530,Breast Cancer,Breast
ACH-000421,6.286326727,7.54225805,SW837,Colon/Colorectal Cancer,Colorectal
ACH-000765,6.058965822,7.03968676,WM983B,Skin Cancer,Skin
ACH-001375,6.046141782,6.619266268,PACADD119,Pancreatic Cancer,Pancreas
ACH-000008,5.512542955,7.068455852,A101D,Skin Cancer,Skin
ACH-001814,4.819668183,7.437960088,OS252,Bone Cancer,Bone
ACH-000800,6.119563684,7.604886762,NCIH446,Lung Cancer,Lung
ACH-000606,5.060047384,7.294436954,PECAPJ34CLONEC12,Head and Neck Cancer,Upper Aerodigestive
ACH-000317,3.94204526,5.879950768,TUHR14TKB,Kidney Cancer,Kidney
ACH-000123,5.171927354,7.07585348,COV434,Ovarian Cancer,Ovary
ACH-000723,5.305240966,6.605849867,YD10B,Head and Neck Cancer,Upper Aerodigestive
ACH-002066,5.275752049,7.120186028,HSSCH2,Sarcoma,Central Nervous System
ACH-001536,1.350497247,5.266786541,KKU100,Bile Duct Cancer,Bile Duct
ACH-000313,4.028569152,6.980368105,KMRC3,Kidney Cancer,Kidney
ACH-002019,3.554588852,6.793505772,HOKUG,Cervical Cancer,Cervix
ACH-000728,6.328944145,8.646342695,KASUMI2,Leukemia,Blood
ACH-000700,5.529196268,6.241268177,NCIH2882,Lung Cancer,Lung
ACH-000823,4.705977902,7.005849076,KYSE140,Esophageal Cancer,Esophagus
ACH-000678,5.315783575,7.07307042,MKN7,Gastric Cancer,Gastric
ACH-000006,5.730368236,8.111448698,MONOMAC6,Leukemia,Blood
ACH-002029,5.624100895,7.31097625,SAS,Head and Neck Cancer,Upper Aerodigestive
ACH-001377,5.162290614,7.519872097,PACADD137,Pancreatic Cancer,Pancreas
ACH-000754,6.940871478,7.374430938,L428,Lymphoma,Lymphocyte
ACH-000465,5.521364878,6.699468346,SKMEL1,Skin Cancer,Skin
ACH-000138,4.879705766,6.767125077,CFPAC1,Pancreatic Cancer,Pancreas
ACH-001864,2.550900665,5.963474124,YSCCC,Bile Duct Cancer,Bile Duct
ACH-000383,5.103917211,7.825722038,OE33,Esophageal Cancer,Esophagus
ACH-000917,5.610877199,7.343407822,TE4,Esophageal Cancer,Esophagus
ACH-000984,6.224580566,7.841218374,HEC6,Endometrial/Uterine Cancer,Uterus
ACH-001409,5.944389962,6.784765696,UMUC16,Bladder Cancer,Urinary Tract
ACH-000117,4.801676029,7.425425735,EFM192A,Breast Cancer,Breast
ACH-000999,4.772941338,7.593727246,SNU1040,Colon/Colorectal Cancer,Colorectal
ACH-000633,4.615298579,6.390254956,FU97,Gastric Cancer,Gastric
ACH-000520,5.231509211,7.455984709,59M,Ovarian Cancer,Ovary
ACH-000176,5.221490455,7.587440004,LOUNH91,Lung Cancer,Lung
ACH-000017,4.332707934,6.56163163,SKBR3,Breast Cancer,Breast
ACH-002022,4.277984747,7.740455397,PMFKO14,Colon/Colorectal Cancer,Colorectal
ACH-000020,5.898692073,8.525559959,MHHCALL2,Leukemia,Blood
ACH-001385,3.246408087,5.289096702,RPMI2650,Head and Neck Cancer,Upper Aerodigestive
ACH-000587,5.780310099,7.814294058,NCIH1975,Lung Cancer,Lung
ACH-000785,4.232660757,6.015916772,NCIH2126,Lung Cancer,Lung
ACH-000554,4.87036472,6.666614587,UACC893,Breast Cancer,Breast
ACH-001398,5.004501392,5.676944359,SW156,Kidney Cancer,Kidney
ACH-001991,5.114367025,7.197413299,NZOV9,Ovarian Cancer,Ovary
ACH-001709,5.527320608,7.34251919,WSUNHL,Lymphoma,Lymphocyte
ACH-001332,4.009884589,6.792334806,BICR78,Head and Neck Cancer,Upper Aerodigestive
ACH-000585,5.313245852,7.356936089,EPLC272H,Lung Cancer,Lung
ACH-000550,5.59454855,7.533719071,IGR39,Skin Cancer,Skin
ACH-000627,5.308885057,7.559262359,LCLC103H,Lung Cancer,Lung
ACH-000704,5.865671418,7.151980551,OAW42,Ovarian Cancer,Ovary
ACH-000276,5.811727898,6.976707312,HCC38,Breast Cancer,Breast
ACH-000075,5.285402219,7.552669098,U87MG,Brain Cancer,Central Nervous System
ACH-000818,4.024142346,7.137298581,BT483,Breast Cancer,Breast
ACH-001616,2.675815931,5.645586386,OCILY18,Lymphoma,Lymphocyte
ACH-000625,5.368419155,7.040673293,HEP3B217,Liver Cancer,Liver
ACH-000941,4.709290636,6.571373436,HEC1B,Endometrial/Uterine Cancer,Uterus
ACH-000392,4.406672716,6.196921734,CALU3,Lung Cancer,Lung
ACH-000269,6.20026108,8.285772093,AM38,Brain Cancer,Central Nervous System
ACH-001670,5.076815597,6.758756214,TASK1,Brain Cancer,Peripheral Nervous System
ACH-000856,5.77267747,7.527477006,CAL51,Breast Cancer,Breast
ACH-001119,4.302319051,6.437294331,MAC2A,Lymphoma,Lymphocyte
ACH-000376,5.648177796,7.420970763,SF295,Brain Cancer,Central Nervous System
ACH-000685,5.166715445,6.744968348,L33,Pancreatic Cancer,Pancreas
ACH-000729,5.852747965,7.299024807,NCIH1963,Lung Cancer,Lung
ACH-001034,5.685379552,7.661421833,CHLA9,Bone Cancer,Bone
ACH-001283,4.880195729,7.106641452,TC106,Bone Cancer,Bone
ACH-000880,6.326429487,7.558956363,AGS,Gastric Cancer,Gastric
ACH-000035,5.687340687,7.188638295,NCIH1650,Lung Cancer,Lung
ACH-001200,4.659353759,6.6387979,STM9101,Rhabdoid,Soft Tissue
ACH-000194,5.534808661,8.218151498,HS934T,Fibroblast,Fibroblast
ACH-000322,5.236492618,7.240791332,HT144,Skin Cancer,Skin
ACH-000552,4.871350841,7.436461703,HT29,Colon/Colorectal Cancer,Colorectal
ACH-002508,2.974529312,7.145677455,WM3211,Skin Cancer,Skin
ACH-000222,3.654206378,6.930619079,ASPC1,Pancreatic Cancer,Pancreas
ACH-000260,5.057883449,7.210330414,SKNAS,Neuroblastoma,Peripheral Nervous System
ACH-001652,4.189033824,6.674827832,SKGII,Endometrial/Uterine Cancer,Uterus
ACH-000608,5.167919866,6.20143783,COV644,Ovarian Cancer,Ovary
ACH-000501,5.627898616,6.622637567,LS123,Colon/Colorectal Cancer,Colorectal
ACH-000612,5.313971371,7.495375381,HUT102,Lymphoma,Lymphocyte
ACH-001184,4.904484098,7.570311124,SCMCRM2,Sarcoma,Soft Tissue
ACH-001688,2.622930351,4.847495884,UMRC7,Kidney Cancer,Kidney
ACH-001838,3.50589093,5.463033855,ICC12,Bile Duct Cancer,Bile Duct
ACH-000638,6.071676874,7.42634863,NCIH441,Lung Cancer,Lung
ACH-001846,4.61999983,6.861086906,ICC6,Bile Duct Cancer,Bile Duct
ACH-000798,4.144862143,6.764606243,CL40,Colon/Colorectal Cancer,Colorectal
ACH-001321,5.260025656,6.809543067,TT,Thyroid Cancer,Thyroid
ACH-000894,4.721372659,7.29994063,NCIH1869,Lung Cancer,Lung
ACH-001559,6.124741692,7.759621917,MERO82,Lung Cancer,Lung
ACH-000344,4.969012308,8.154514352,SNU668,Gastric Cancer,Gastric
ACH-000223,5.884842094,8.648932748,HCC1937,Breast Cancer,Breast
ACH-000031,4.727920455,6.311975314,PANC0213,Pancreatic Cancer,Pancreas
ACH-000034,4.098453246,6.638073837,PLB985,Leukemia,Blood
ACH-001861,5.144454314,6.635028799,TGBC1TKB,Gallbladder Cancer,Bile Duct
ACH-000772,5.308156975,8.01664117,TE441T,Sarcoma,Soft Tissue
ACH-000946,5.819668183,7.34925911,HEC265,Endometrial/Uterine Cancer,Uterus
ACH-000596,4.963474124,7.211498982,LCLC97TM1,Lung Cancer,Lung
ACH-000632,6.100557221,8.125620109,HS944T,Skin Cancer,Skin
ACH-000978,5.982993575,7.409730354,EN,Endometrial/Uterine Cancer,Uterus
ACH-000332,5.417852515,7.753684755,YAPC,Pancreatic Cancer,Pancreas
ACH-001841,5.35614381,6.748327048,ICC15,Bile Duct Cancer,Bile Duct
ACH-000179,6.519321735,8.306289585,NCIH1618,Lung Cancer,Lung
ACH-000887,5.442943496,7.415488271,SF172,Brain Cancer,Central Nervous System
ACH-000368,5.825785627,7.518771163,SNU1105,Brain Cancer,Central Nervous System
ACH-000240,4.671859468,7.572813895,HS600T,Fibroblast,Fibroblast
ACH-000578,6.107897062,7.227086417,HCC1171,Lung Cancer,Lung
ACH-001611,4.965322548,7.899356923,NP8,Brain Cancer,Central Nervous System
ACH-000135,3.950468414,6.987320866,HS940T,Fibroblast,Fibroblast
ACH-000406,6.049848549,7.388964416,U937,Leukemia,Blood
ACH-001541,4.821710215,6.759422186,KMS28PE,Myeloma,Plasma Cell
ACH-000998,4.788685711,7.820498107,CW2,Colon/Colorectal Cancer,Colorectal
ACH-000441,5.036503334,6.960928667,SH4,Skin Cancer,Skin
ACH-000960,6.411256746,9.405332959,REH,Leukemia,Blood
ACH-000098,6.23935985,7.823940382,GAMG,Brain Cancer,Central Nervous System
ACH-001651,4.391630262,6.896271849,SKGI,Endometrial/Uterine Cancer,Uterus
ACH-001456,3.658782734,6.190812368,C125PM,Colon/Colorectal Cancer,Colorectal
ACH-001336,5.341985747,6.30560579,CASKI,Cervical Cancer,Cervix
ACH-000284,5.039138394,8.159064009,HS840T,Fibroblast,Fibroblast
ACH-000971,6.351380981,8.35834351,HCT116,Colon/Colorectal Cancer,Colorectal
ACH-001454,4.730096466,6.289281178,C10,Colon/Colorectal Cancer,Colorectal
ACH-000926,5.007195501,6.905447179,HT55,Colon/Colorectal Cancer,Colorectal
ACH-000033,3.971773447,7.059831136,NCIH1819,Lung Cancer,Lung
ACH-000576,5.048323387,7.08182959,KMS27,Myeloma,Plasma Cell
ACH-000019,4.61117238,8.359837393,MCF7,Breast Cancer,Breast
ACH-001577,3.634593268,5.897240426,MUTZ8,Leukemia,Blood
ACH-000330,3.881664619,7.195446032,EFM19,Breast Cancer,Breast
ACH-000848,5.253232939,7.376168811,JHH7,Liver Cancer,Liver
ACH-000481,4.567423758,6.265474403,NCIH2170,Lung Cancer,Lung
ACH-001517,4.879215637,6.359134582,HEC1,Endometrial/Uterine Cancer,Uterus
ACH-000338,6.468420402,7.895726738,SR786,Lymphoma,Lymphocyte
ACH-001959,6.025914699,7.509458329,CCLP1,Bile Duct Cancer,Bile Duct
ACH-001414,2.757023247,6.28965006,UMUC6,Bladder Cancer,Urinary Tract
ACH-000871,5.980939266,7.71685375,NCIH510,Lung Cancer,Lung
ACH-001403,5.098453246,6.292781749,TO14,Ovarian Cancer,Ovary
ACH-000805,5.022367813,7.026689419,COLO679,Skin Cancer,Skin
ACH-001142,4.518535139,7.5389261,NHAHTDD,Engineered,Engineered Central Nervous System
ACH-001554,5.423241996,6.380937195,MEL202,Eye Cancer,Eye
ACH-000847,5.351557662,7.463033855,HGC27,Gastric Cancer,Gastric
ACH-001207,4.718087584,7.617798026,TIG3TD,Fibroblast,Fibroblast
ACH-000832,4.823239844,7.080337882,CAL27,Head and Neck Cancer,Upper Aerodigestive
ACH-000428,5.066950244,6.763809907,UO31,Kidney Cancer,Kidney
ACH-001382,4.17951105,6.444932049,PACADD188,Pancreatic Cancer,Pancreas
ACH-001302,4.634012356,7.577881959,COGN305,Neuroblastoma,Peripheral Nervous System
ACH-000690,5.921245889,6.853621456,HCC2814,Lung Cancer,Lung
ACH-001134,4.241840184,6.478324711,MYLA,Lymphoma,Lymphocyte
ACH-000914,5.475084883,8.616475329,HT,Lymphoma,Lymphocyte
ACH-000858,3.654206378,6.287620044,KNS62,Lung Cancer,Lung
ACH-001421,5.053111336,7.654206378,WERIRB1,Eye Cancer,Eye
ACH-000544,4.64731451,5.796493929,OE21,Esophageal Cancer,Esophagus
ACH-000725,4.767125077,7.456149035,HCC202,Breast Cancer,Breast
ACH-000566,5.277240898,6.989366114,SW1710,Bladder Cancer,Urinary Tract
ACH-000760,5.209843231,7.411087227,LNZ308,Brain Cancer,Central Nervous System
ACH-001745,5.093813673,7.324360591,RHJT,Sarcoma,Soft Tissue
ACH-000787,4.846994687,7.223808659,LXF289,Lung Cancer,Lung
ACH-000749,5.113117036,6.81275491,DMS273,Lung Cancer,Lung
ACH-001328,3.889473543,6.351380981,A431,Skin Cancer,Skin
ACH-001068,3.976363636,6.111657346,FEPD,Lymphoma,Lymphocyte
ACH-000358,5.454504938,7.415150205,NCIH69,Lung Cancer,Lung
ACH-001654,4.857980995,7.086189313,SKGT4,Esophageal Cancer,Esophagus
ACH-001521,5.264161071,7.431957188,HKA1,Skin Cancer,Skin
ACH-000209,4.3305584,6.434461432,SNU1079,Bile Duct Cancer,Bile Duct
ACH-001520,3.112700133,5.601993581,HG3,Leukemia,Blood
ACH-000213,4.477677328,7.843732657,HUPT4,Pancreatic Cancer,Pancreas
ACH-001610,5.783194703,7.106850796,NP5,Brain Cancer,Central Nervous System
ACH-001408,4.956985925,6.837943242,UMUC14,Bladder Cancer,Urinary Tract
ACH-000991,4.089159132,7.021479727,SNU81,Colon/Colorectal Cancer,Colorectal
ACH-001412,5.565901767,7.480911346,UMUC10,Bladder Cancer,Urinary Tract
ACH-000331,5.184280294,7.853559081,ISTMES2,Lung Cancer,Lung
ACH-001407,5.920769673,7.526147081,UMUC13,Bladder Cancer,Urinary Tract
ACH-000580,5.105594276,7.593801929,C32,Skin Cancer,Skin
ACH-000594,6.610138984,8.286280516,DMS153,Lung Cancer,Lung
ACH-000684,5.466953337,7.341452107,KMRC1,Kidney Cancer,Kidney
ACH-000742,3.374343989,7.296273847,DM3,Fibroblast,Fibroblast
ACH-000868,5.427270935,6.701826258,HCC1195,Lung Cancer,Lung
ACH-000732,5.283921772,6.421391632,PECAPJ41CLONED2,Head and Neck Cancer,Upper Aerodigestive
ACH-000429,3.560714954,6.047232996,A704,Kidney Cancer,Kidney
ACH-000310,5.216842843,8.402031425,IMR32,Neuroblastoma,Peripheral Nervous System
ACH-000643,4.487357715,6.726695004,HDQP1,Breast Cancer,Breast
ACH-000234,5.699329526,7.313971371,CAKI2,Kidney Cancer,Kidney
ACH-001498,5.242983516,7.615960619,FARAGE,Lymphoma,Lymphocyte
ACH-000896,4.44625623,6.9489512,647V,Bladder Cancer,Urinary Tract
ACH-000203,5.141596278,7.93032339,NH6,Neuroblastoma,Peripheral Nervous System
ACH-001607,5.350850805,7.966015097,NOZ,Gallbladder Cancer,Bile Duct
ACH-001441,1.937344392,5.283551423,921,Eye Cancer,Eye
ACH-000112,5.580748492,6.677367292,SIGM5,Leukemia,Blood
ACH-000186,5.399854674,7.222939769,NCIH2444,Lung Cancer,Lung
ACH-000677,6.417683769,7.299299615,SW1573,Lung Cancer,Lung
ACH-000055,4.583759754,7.652127928,D283MED,Brain Cancer,Central Nervous System
ACH-000485,3.825785627,7.172527519,GSU,Gastric Cancer,Gastric
ACH-000672,5.029011087,7.489286023,IALM,Lung Cancer,Lung
ACH-000287,5.75033852,8.170926525,NUDUL1,Lymphoma,Lymphocyte
ACH-000784,2.819668183,6.235152624,KYSE70,Esophageal Cancer,Esophagus
ACH-000530,5.402585758,7.967399199,DMS114,Lung Cancer,Lung
ACH-002024,4.523561956,6.416501993,ECC4,Colon/Colorectal Cancer,Colorectal
ACH-000380,6.022145843,7.478890934,KMS12BM,Myeloma,Plasma Cell
ACH-001737,5.63314055,7.217812331,HSB2,Leukemia,Blood
ACH-001400,2.550900665,3.90303827,SW954,Cervical Cancer,Cervix
ACH-001054,4.590961241,6.7473874,D458,Brain Cancer,Central Nervous System
ACH-000009,5.917670434,7.414389268,C2BBE1,Colon/Colorectal Cancer,Colorectal
ACH-000491,5.348019909,7.008652713,NCIH716,Colon/Colorectal Cancer,Colorectal
ACH-001703,2.558267634,5.23610989,VAL,Lymphoma,Lymphocyte
ACH-000002,3.833902077,6.055716264,HL60,Leukemia,Blood
ACH-001568,2.604071324,4.631104282,MM386,Skin Cancer,Skin
ACH-000993,5.387500406,6.642268352,JHUEM7,Endometrial/Uterine Cancer,Uterus
ACH-001578,5.533874777,6.711770204,NCCIT,Embryonal Cancer,Embryo
ACH-000877,5.825785627,7.657282717,EB1,Lymphoma,Lymphocyte
ACH-000711,5.990501111,7.102763097,JIMT1,Breast Cancer,Breast
ACH-001515,5.283551423,6.565140169,HCS2,Cervical Cancer,Cervix
ACH-000702,6.040234917,7.048868273,L1236,Lymphoma,Lymphocyte
ACH-001020,5.173527238,7.555202634,BT16,Rhabdoid,Soft Tissue
ACH-000600,5.335926241,7.250772132,SLR26,Kidney Cancer,Kidney
ACH-000354,4.921721947,6.746850183,CAPAN1,Pancreatic Cancer,Pancreas
ACH-000012,5.927659461,7.277519887,HCC827,Lung Cancer,Lung
ACH-000689,3.329123596,7.116447936,RH18,Sarcoma,Soft Tissue
ACH-000459,6.143230135,7.194264383,TUHR10TKB,Kidney Cancer,Kidney
ACH-001413,5.637494325,7.565140169,UMUC11,Bladder Cancer,Urinary Tract
ACH-000686,5.398829182,6.818390444,SNU878,Liver Cancer,Liver
ACH-000342,5.008540672,6.678353654,CL14,Colon/Colorectal Cancer,Colorectal
ACH-000208,5.556429415,7.226412193,U178,Brain Cancer,Central Nervous System
ACH-000360,3.044394119,6.324450605,NCIH508,Colon/Colorectal Cancer,Colorectal
ACH-000249,5.701826258,7.511436412,CL11,Colon/Colorectal Cancer,Colorectal
ACH-001368,5.998872454,7.890264277,OACM51,Esophageal Cancer,Esophagus
ACH-000231,5.405311683,7.671717965,KALS1,Brain Cancer,Central Nervous System
ACH-000945,5.554588852,7.247073033,NCIH650,Lung Cancer,Lung
ACH-000662,5.239932613,7.433460256,CORL23,Lung Cancer,Lung
ACH-002458,4.734980523,6.757690019,HT144SKINFV1,Skin Cancer,Skin
ACH-001378,3.557042415,6.118318192,PACADD159,Pancreatic Cancer,Pancreas
ACH-001029,5.6395216,6.55197736,CHLA10,Bone Cancer,Bone
ACH-000248,5.13627343,7.097400107,AU565,Breast Cancer,Breast
ACH-000943,4.861459166,7.682924378,RKO,Colon/Colorectal Cancer,Colorectal
ACH-000751,5.298658316,8.569893573,OCIM1,Leukemia,Blood
ACH-001016,4.820178962,6.954661621,BECKER,Brain Cancer,Central Nervous System
ACH-000282,6.114991613,7.868390453,NCIH1755,Lung Cancer,Lung
ACH-000261,6.164303583,8.073552487,RERFLCAI,Lung Cancer,Lung
ACH-000164,6.38249434,8.426558297,PANC1,Pancreatic Cancer,Pancreas
ACH-001793,4.869377924,7.085658344,LPS27,Liposarcoma,Soft Tissue
ACH-000262,5.29351763,8.077990648,UOK101,Kidney Cancer,Kidney
ACH-000158,5.322649262,7.619779801,OCILY3,Lymphoma,Lymphocyte
ACH-000773,5.497293009,7.181996999,KIJK,Lymphoma,Lymphocyte
ACH-000722,4.621172753,7.018144529,SNUC1,Colon/Colorectal Cancer,Colorectal
ACH-000857,4.372255648,6.433460256,CAL851,Breast Cancer,Breast
ACH-001129,5.348374075,6.320665184,MONOMAC1,Leukemia,Blood
ACH-001619,3.084064265,6.304511042,OCUG1,Gallbladder Cancer,Bile Duct
ACH-000184,5.237257771,7.540011766,HS343T,Fibroblast,Fibroblast
ACH-000329,5.457134594,7.76028749,CCFSTTG1,Brain Cancer,Central Nervous System
ACH-001569,3.907852072,5.926473911,MM415,Skin Cancer,Skin
ACH-000814,5.684538249,7.096873249,HS939T,Skin Cancer,Skin
ACH-000197,6.76035403,8.326654188,TALL1,Leukemia,Blood
ACH-000545,5.348019909,7.053545818,VMCUB1,Bladder Cancer,Urinary Tract
ACH-000949,4.976821852,7.253232939,TGBC11TKB,Gastric Cancer,Gastric
ACH-000124,5.805292456,7.857607836,OCILY19,Lymphoma,Lymphocyte
ACH-000560,5.362469889,7.253422058,ECC10,Gastric Cancer,Gastric
ACH-000897,5.627315001,7.654134757,FTC238,Thyroid Cancer,Thyroid
ACH-001626,4.378511623,6.74281467,OSC20,Head and Neck Cancer,Upper Aerodigestive
ACH-000619,4.79753184,5.863690714,PECAPJ15,Head and Neck Cancer,Upper Aerodigestive
ACH-001973,4.95373085,6.753149879,MM485,Skin Cancer,Skin
ACH-001340,5.029452886,6.625708843,COV413A,Ovarian Cancer,Ovary
ACH-000546,4.420212891,6.543650538,HSC4,Head and Neck Cancer,Upper Aerodigestive
ACH-002018,4.885574364,6.581953751,OMM25,Eye Cancer,Eye
ACH-000153,5.846493316,8.678811379,NCIH2052,Lung Cancer,Lung
ACH-000526,3.99004722,7.343585483,HS821T,Fibroblast,Fibroblast
ACH-000116,5.514753498,7.157144792,OAW28,Ovarian Cancer,Ovary
ACH-000815,4.780310099,8.54426899,KMH2,Lymphoma,Lymphocyte
ACH-001270,5.274634403,7.474598281,127399,Sarcoma,Soft Tissue
ACH-000324,6.499208091,7.099189986,JHOC5,Ovarian Cancer,Ovary
ACH-001561,4.491211756,6.109569509,MERO84,Lung Cancer,Lung
ACH-000842,5.508745554,7.224869925,SW480,Colon/Colorectal Cancer,Colorectal
ACH-000898,3.693765712,6.977279923,SNU719,Gastric Cancer,Gastric
ACH-000517,6.443938115,7.408966552,SNU410,Pancreatic Cancer,Pancreas
ACH-001415,5.062208078,6.873321063,UMUC7,Bladder Cancer,Urinary Tract
ACH-000681,5.642412773,7.263691734,A549,Lung Cancer,Lung
ACH-001310,5.81275491,7.431037874,HA1E,Engineered,Engineered Kidney
ACH-000070,6.167919866,8.497173232,697,Leukemia,Blood
ACH-000484,4.506525779,7.009996526,VMRCRCW,Kidney Cancer,Kidney
ACH-000108,5.229587923,7.00303998,KP3,Pancreatic Cancer,Pancreas
ACH-000808,5.314696526,7.39609097,HUH28,Bile Duct Cancer,Bile Duct
ACH-000656,7.048650343,7.698912983,SUDHL8,Lymphoma,Lymphocyte
ACH-000166,5.049195106,6.98879828,KASUMI6,Leukemia,Blood
ACH-000997,6.142004916,7.784438547,HCT15,Colon/Colorectal Cancer,Colorectal
ACH-000866,5.964860664,8.777879937,NCIH1048,Lung Cancer,Lung
ACH-000819,5.744699314,8.199966742,LN18,Brain Cancer,Central Nervous System
ACH-000226,6.279657007,8.254981345,SUPM2,Lymphoma,Lymphocyte
ACH-000087,5.792595103,7.623003538,SKES1,Bone Cancer,Bone
ACH-000340,5.402585758,8.071194179,HS870T,Fibroblast,Fibroblast
ACH-002005,5.112283109,6.939226578,SKMEL19,Skin Cancer,Skin
ACH-000658,4.616475329,5.863442934,KMS18,Myeloma,Plasma Cell
ACH-000758,5.832130501,7.615077832,MKN74,Gastric Cancer,Gastric
ACH-000196,5.722466024,7.845991771,HCC1599,Breast Cancer,Breast
ACH-000258,5.938756261,8.910372903,DU4475,Breast Cancer,Breast
ACH-000163,5.461724992,8.07451614,SW579,Thyroid Cancer,Thyroid
ACH-000076,5.092545742,7.845678216,NCO2,Leukemia,Blood
ACH-000509,6.311612098,8.440910683,HUT78,Lymphoma,Lymphocyte
ACH-001193,5.815319246,7.657139777,SKPNDW,Bone Cancer,Bone
ACH-000571,5.187846909,7.125671763,T98G,Brain Cancer,Central Nervous System
ACH-000391,5.967399199,7.142923928,MHHES1,Bone Cancer,Bone
ACH-000293,5.149340669,6.680324357,KLE,Endometrial/Uterine Cancer,Uterus
ACH-000584,5.101397952,6.981396032,JHOS4,Ovarian Cancer,Ovary
ACH-001690,4.287620044,5.751945682,UPCISCC026,Head and Neck Cancer,Upper Aerodigestive
ACH-000586,5.441284272,8.615739973,NCIH1876,Lung Cancer,Lung
ACH-000944,6.004726094,7.4471659,NAMALWA,Lymphoma,Lymphocyte
ACH-001173,3.94673086,5.537296067,R262,Brain Cancer,Central Nervous System
ACH-000561,4.265286858,6.686220365,TDOTT,Esophageal Cancer,Esophagus
ACH-001648,2.742006211,5.669310286,SHMAC4,Prostate Cancer,Prostate
ACH-000394,5.873813198,7.035843816,NCIH2081,Lung Cancer,Lung
ACH-000954,6.086826218,7.54851369,HEC1A,Endometrial/Uterine Cancer,Uterus
ACH-000204,4.27351589,6.806066226,LP1,Myeloma,Plasma Cell
ACH-001163,5.043956873,6.845239126,CCLFPEDS0001T,Kidney Cancer,Kidney
ACH-000160,5.050066298,7.081510068,BT12,Rhabdoid,Soft Tissue
ACH-000989,4.781884235,7.359573879,SNU175,Colon/Colorectal Cancer,Colorectal
ACH-001347,1.713695815,5.378858383,H157,Head and Neck Cancer,Upper Aerodigestive
ACH-000691,5.374343989,7.059831136,HCC2157,Breast Cancer,Breast
ACH-000268,4.843983844,7.525442506,SNU245,Bile Duct Cancer,Bile Duct
ACH-000119,3.851998837,7.263785614,HS863T,Fibroblast,Fibroblast
ACH-000379,4.651912745,6.996614715,NCIH1781,Lung Cancer,Lung
ACH-001341,4.7322692,7.308248005,DOTC24510,Cervical Cancer,Cervix
ACH-001790,5.053545818,7.985329647,RH18DM,Sarcoma,Soft Tissue
ACH-000714,6.731726323,7.6387979,KMS11,Myeloma,Plasma Cell
ACH-000937,6.958610712,8.418021241,PF382,Leukemia,Blood
ACH-000763,7.082149041,7.876455554,MM1S,Myeloma,Plasma Cell
ACH-001673,5.231893162,7.002927502,TFK1,Bile Duct Cancer,Bile Duct
ACH-000326,4.857483428,8.181847963,JURLMK1,Leukemia,Blood
ACH-000300,6.19711838,7.586614642,SLR25,Kidney Cancer,Kidney
ACH-000901,6.187253086,7.93032339,HCC1359,Lung Cancer,Lung
ACH-000816,5.203201156,6.755555262,NCIH524,Lung Cancer,Lung
ACH-000641,5.621758857,7.406332578,CMK,Leukemia,Blood
ACH-000511,6.680324357,8.264161071,CALU1,Lung Cancer,Lung
ACH-000583,5.824004051,7.767919586,MC116,Lymphoma,Lymphocyte
ACH-000836,5.879705766,7.377297306,YD15,Head and Neck Cancer,Upper Aerodigestive
ACH-000975,6.450056494,7.023255352,HCC2450,Lung Cancer,Lung
ACH-000109,5.781097381,7.082255509,NCIH3255,Lung Cancer,Lung
ACH-000467,4.509062386,7.449396297,HCC56,Colon/Colorectal Cancer,Colorectal
ACH-000712,5.289834465,7.717333699,HCC1833,Lung Cancer,Lung
ACH-000671,5.302319051,6.776762002,HUH6,Liver Cancer,Liver
ACH-000523,5.531069493,8.131239633,NCIH1184,Lung Cancer,Lung
ACH-000864,5.155020578,7.298108403,COLO684,Endometrial/Uterine Cancer,Uterus
ACH-000726,4.83491343,7.005624549,TE14,Esophageal Cancer,Esophagus
ACH-000136,4.606442228,7.567347696,CHP126,Neuroblastoma,Peripheral Nervous System
ACH-002067,6.480426705,6.702796044,NOS1,Bone Cancer,Bone
ACH-000440,5.861211003,7.701063826,CA46,Lymphoma,Lymphocyte
ACH-001461,3.941106311,5.878480131,C99,Colon/Colorectal Cancer,Colorectal
ACH-000890,6.547665748,8.323730338,SW1271,Lung Cancer,Lung
ACH-001692,2.965322548,5.873074932,UPCISCC040,Head and Neck Cancer,Upper Aerodigestive
ACH-000027,5.118941073,6.185668359,GOS3,Brain Cancer,Central Nervous System
ACH-000562,4.95930649,7.508824769,HCC78,Lung Cancer,Lung
ACH-000748,5.893119476,7.982993575,SJSA1,Bone Cancer,Bone
ACH-000834,4.458119481,7.801934646,UMUC1,Bladder Cancer,Urinary Tract
ACH-000565,4.079804755,6.833016561,RCM1,Colon/Colorectal Cancer,Colorectal
ACH-000449,5.107687869,7.464096434,MESSA,Sarcoma,Soft Tissue
ACH-000399,6.051589621,7.394376945,NCIH2196,Lung Cancer,Lung
ACH-000770,5.272023189,7.837375637,P31FUJ,Leukemia,Blood
ACH-000710,4.499527024,6.911092332,NCIH854,Lung Cancer,Lung
ACH-000507,4.91981677,7.098663782,KE39,Gastric Cancer,Gastric
ACH-000066,5.143230135,7.385344749,HCC4006,Lung Cancer,Lung
ACH-000022,4.934988202,7.495535281,PATU8988S,Pancreatic Cancer,Pancreas
ACH-001668,4.522306893,4.69543711,SUSA,Teratoma,Embryo
ACH-000334,5.748729567,7.936520163,DB,Lymphoma,Lymphocyte
ACH-000374,5.636624621,6.530445355,HCC1143,Breast Cancer,Breast
ACH-000519,6.647602329,8.275472718,PEER,Leukemia,Blood
ACH-000908,4.336997417,7.579089615,SNU520,Gastric Cancer,Gastric
ACH-002003,3.544732656,6.849248703,A375SKINCJ3,Skin Cancer,Skin
ACH-000574,5.867402306,7.128561489,FUOV1,Ovarian Cancer,Ovary
ACH-000148,5.351910961,7.424418266,HS578T,Breast Cancer,Breast
ACH-002461,4.444269502,5.91336816,RVH421SKINFV1,Skin Cancer,Skin
ACH-000646,3.221877081,4.795455272,OVMANA,Ovarian Cancer,Ovary
ACH-000314,5.97475873,7.746178381,HCC2108,Lung Cancer,Lung
ACH-000040,5.910732662,7.832193809,U118MG,Brain Cancer,Central Nervous System
ACH-001057,5.947899886,7.970105891,DERL2,Lymphoma,Lymphocyte
ACH-000430,5.685940148,7.534808661,TYKNU,Ovarian Cancer,Ovary
ACH-001041,5.008988783,6.977737849,COLO699,Lung Cancer,Lung
ACH-000370,5.760220946,6.989933724,SNU626,Brain Cancer,Central Nervous System
ACH-001630,4.059182199,5.336640446,PEO1,Ovarian Cancer,Ovary
ACH-000437,6.222843193,7.281605529,SW1088,Brain Cancer,Central Nervous System
ACH-000498,5.115615931,7.174126737,KO52,Leukemia,Blood
ACH-001392,1.378511623,5.108106224,SUM185PE,Breast Cancer,Breast
ACH-000503,4.767125077,6.358607249,BICR16,Head and Neck Cancer,Upper Aerodigestive
ACH-000328,5.922197848,7.247737673,LN215,Brain Cancer,Central Nervous System
ACH-000403,5.445263208,7.579617646,NCIH747,Colon/Colorectal Cancer,Colorectal
ACH-000400,5.077242999,6.850249358,SKCO1,Colon/Colorectal Cancer,Colorectal
ACH-000224,2.440952198,6.810700154,HS819T,Fibroblast,Fibroblast
ACH-000318,4.112700133,6.14404637,TE10,Esophageal Cancer,Esophagus
ACH-001430,5.114367025,7.003489803,TC138,Bone Cancer,Bone
ACH-000928,5.065227623,7.055390905,JHUEM1,Endometrial/Uterine Cancer,Uterus
ACH-000893,5.959770155,6.613531653,NCIH1651,Lung Cancer,Lung
ACH-000889,6.00337736,8.538150123,KMM1,Myeloma,Plasma Cell
ACH-000799,5.630230716,7.170726276,HS695T,Skin Cancer,Skin
ACH-001623,5.221490455,7.754553506,ONDA8,Brain Cancer,Central Nervous System
ACH-000736,5.379898164,7.400281746,SNU601,Gastric Cancer,Gastric
ACH-000876,3.554588852,7.338246117,MDAMB415,Breast Cancer,Breast
ACH-001232,5.116447936,7.314515271,UW228,Brain Cancer,Central Nervous System
ACH-001618,6.017031081,7.196725061,OCIM2,Leukemia,Blood
ACH-000235,5.80503444,7.632777141,PANC0403,Pancreatic Cancer,Pancreas
ACH-000381,5.246027981,6.900746075,T84,Colon/Colorectal Cancer,Colorectal
ACH-001993,5.046578367,8.00966069,NALM16,Leukemia,Blood
ACH-001301,4.786596362,7.421896512,COGN278,Neuroblastoma,Peripheral Nervous System
ACH-000854,5.234194723,7.655924213,OCIMY5,Myeloma,Plasma Cell
ACH-000187,5.573192724,8.339315572,CORL311,Lung Cancer,Lung
ACH-000543,3.285402219,6.088947205,SNU489,Brain Cancer,Central Nervous System
ACH-000569,5.856487779,7.975332116,ISTMES1,Lung Cancer,Lung
ACH-000668,5.568336182,6.808385051,HCC70,Breast Cancer,Breast
ACH-000134,5.27351589,8.005456131,HS274T,Fibroblast,Fibroblast
ACH-000924,5.852498299,7.440204752,NCIH2172,Lung Cancer,Lung
ACH-001450,4.859969548,7.204082012,BLUE1,Lymphoma,Lymphocyte
ACH-000296,4.960697039,6.728328707,OUMS23,Colon/Colorectal Cancer,Colorectal
ACH-000713,5.850749426,7.170626141,CAOV3,Ovarian Cancer,Ovary
ACH-001360,3.845991771,6.38663853,MS751,Cervical Cancer,Cervix
ACH-000273,5.15704371,6.827692021,SF539,Brain Cancer,Central Nervous System
ACH-001715,6.126394738,7.556046158,CAL72,Bone Cancer,Bone
ACH-001617,6.26190686,7.825149603,OCILY7,Lymphoma,Lymphocyte
ACH-000639,6.087462841,6.987320866,NCIH211,Lung Cancer,Lung
ACH-000590,5.129283017,6.486392594,NCIH2073,Lung Cancer,Lung
ACH-000553,6.011227255,7.176721693,SQ1,Lung Cancer,Lung
ACH-000084,4.607034346,6.813524689,MUTZ3,Leukemia,Blood
ACH-000094,4.931683057,7.386552314,HPAFII,Pancreatic Cancer,Pancreas
ACH-000361,5.552438555,7.637711669,SKHEP1,Liver Cancer,Liver
ACH-000719,4.765004246,6.100136671,RMGI,Ovarian Cancer,Ovary
ACH-001396,2.087462841,7.844737144,SUM52PE,Breast Cancer,Breast
ACH-001848,4.055716264,5.502394256,ICC8,Bile Duct Cancer,Bile Duct
ACH-000339,6.532628658,8.31600994,HCC461,Lung Cancer,Lung
ACH-000218,5.198886991,6.847495884,PL21,Leukemia,Blood
ACH-000789,5.946262984,7.266692856,NCIH810,Lung Cancer,Lung
ACH-000413,3.642701572,6.974185117,HS739T,Fibroblast,Fibroblast
ACH-000125,5.553360503,7.311884519,TO175T,Fibroblast,Fibroblast
ACH-000180,5.146492307,7.645298164,HS839T,Fibroblast,Fibroblast
ACH-000215,5.464014725,7.511594542,LN382,Brain Cancer,Central Nervous System
ACH-001001,5.148120631,7.612573664,143B,Bone Cancer,Bone
ACH-000407,4.486714373,6.580597764,SNU685,Endometrial/Uterine Cancer,Uterus
ACH-002027,1.622930351,5.46008724,HOUAI,Endometrial/Uterine Cancer,Uterus
ACH-001132,6.368069877,6.980139578,MTA,Lymphoma,Lymphocyte
ACH-001278,5.028569152,6.835039799,BIN67,Ovarian Cancer,Ovary
ACH-000032,6.497293009,8.883926233,MHHCALL3,Leukemia,Blood
ACH-001419,3.926948248,5.629939409,VP229,Breast Cancer,Breast
ACH-000494,5.542567608,7.523640361,OELE,Engineered,Engineered Ovary
ACH-000865,5.271649772,7.158559199,KYSE450,Esophageal Cancer,Esophagus
ACH-000439,4.390942773,6.648896806,ME1,Leukemia,Blood
ACH-001523,2.596935142,6.386810946,HSC1,Skin Cancer,Skin
ACH-000024,5.74281467,6.786727035,OPM2,Myeloma,Plasma Cell
ACH-000674,4.139142019,6.665051614,NUGC4,Gastric Cancer,Gastric
ACH-000670,5.557042415,7.59812696,SBC5,Lung Cancer,Lung
ACH-000599,5.693765712,7.894454013,PATU8902,Pancreatic Cancer,Pancreas
ACH-000263,5.408711861,7.493615314,KASUMI1,Leukemia,Blood
ACH-000303,4.600507645,7.469316208,SNU5,Gastric Cancer,Gastric
ACH-001551,5.369117459,7.75788999,MCC142,Skin Cancer,Skin
ACH-000793,4.940636607,7.437377568,KATOIII,Gastric Cancer,Gastric
ACH-002511,5.048759312,7.140369671,M140325,Skin Cancer,Skin
ACH-000286,5.13093087,6.910372903,SNU1033,Colon/Colorectal Cancer,Colorectal
ACH-000250,5.565597176,7.239264368,KMRC20,Kidney Cancer,Kidney
ACH-000299,5.522306893,7.477758266,HNT34,Leukemia,Blood
ACH-000139,4.988230223,6.998985248,PANC0327,Pancreatic Cancer,Pancreas
ACH-001735,4.417515003,7.744497506,SEMK2,Leukemia,Blood
ACH-001389,5.875534352,6.543805176,SUM1315MO2,Breast Cancer,Breast
ACH-001183,5.442943496,7.389394724,RT11284,Bladder Cancer,Urinary Tract
ACH-000551,5.870857864,7.327777171,K562,Leukemia,Blood
ACH-000037,5.593652558,7.691743519,S117,Sarcoma,Soft Tissue
ACH-000744,4.907852072,6.536519213,NCIH1623,Lung Cancer,Lung
ACH-000420,4.876271361,7.164906927,SNU449,Liver Cancer,Liver
ACH-000336,4.136683578,6.794285888,OCIAML3,Leukemia,Blood
ACH-000486,5.341985747,7.019924261,KU1919,Bladder Cancer,Urinary Tract
ACH-000679,4.376429311,6.310340121,OE19,Esophageal Cancer,Esophagus
ACH-001557,5.152994605,6.831243897,MERO41,Lung Cancer,Lung
ACH-000247,4.566815154,7.475084883,OCUM1,Gastric Cancer,Gastric
ACH-000947,5.099715999,8.263316155,OVK18,Ovarian Cancer,Ovary
ACH-000807,6.182295025,7.008540672,SNU738,Brain Cancer,Central Nervous System
ACH-000476,5.245267467,7.381888983,JHH4,Liver Cancer,Liver
ACH-000525,6,7.472244052,NCIH2171,Lung Cancer,Lung
ACH-001148,5.217618485,7.255783957,OCILY132,Lymphoma,Lymphocyte
ACH-000853,6.647890091,6.884231584,NCIH661,Lung Cancer,Lung
ACH-000083,4.650190123,7.531537419,HS281T,Fibroblast,Fibroblast
ACH-000479,5.854494418,6.639666296,KNS81,Brain Cancer,Central Nervous System
ACH-000230,1.782408565,6.393519168,HS742T,Fibroblast,Fibroblast
ACH-001664,5.582254908,7.519321735,SNU638,Gastric Cancer,Gastric
ACH-000955,4.936873462,7.576975554,SNU407,Colon/Colorectal Cancer,Colorectal
ACH-000049,5.428946345,7.652988339,HEKTE,Engineered,Engineered Kidney
ACH-000675,5.553053253,7.307610672,NCIH1734,Lung Cancer,Lung
ACH-000199,2.114367025,6.064149939,HS255T,Fibroblast,Fibroblast
ACH-000193,5.698218478,6.908092341,KARPAS620,Myeloma,Plasma Cell
ACH-000538,5.396433531,7.39386234,HUTU80,Gastric Cancer,Gastric
ACH-000010,5.825785627,8.257717833,NCIH2077,Lung Cancer,Lung
ACH-001647,4.386121157,7.537994878,SHI1,Leukemia,Blood
ACH-001649,2.937344392,6.072963272,SHMAC5,Prostate Cancer,Prostate
ACH-000155,5.419201774,7.500324049,SW1990,Pancreatic Cancer,Pancreas
ACH-000270,4.470536865,6.737957106,HPAC,Pancreatic Cancer,Pancreas
ACH-000683,4.375039431,7.200359179,SNU503,Colon/Colorectal Cancer,Colorectal
ACH-002017,5.663629259,6.368942914,OMM1,Eye Cancer,Eye
ACH-000655,5.821710215,7.742612598,SF268,Brain Cancer,Central Nervous System
ACH-000145,5.549977143,8.648501395,SKLMS1,Sarcoma,Soft Tissue
ACH-001495,4.917431755,6.754219433,EMTOKA,Endometrial/Uterine Cancer,Uterus
ACH-000188,4.62935662,6.56924803,SCC25,Head and Neck Cancer,Upper Aerodigestive
ACH-000080,6.284106911,8.175774077,BDCM,Leukemia,Blood
ACH-000146,5.924812504,6.835039799,THP1,Leukemia,Blood
ACH-000415,4.115199749,5.62497818,BICR6,Head and Neck Cancer,Upper Aerodigestive
ACH-001518,5.043081982,6.534653056,HEC116,Endometrial/Uterine Cancer,Uterus
ACH-000891,5.832383717,7.592606532,HCC1438,Lung Cancer,Lung
ACH-001625,4.158660175,7.125258473,OSC19,Head and Neck Cancer,Upper Aerodigestive
ACH-000895,4.894817763,7.667537367,CL34,Colon/Colorectal Cancer,Colorectal
ACH-000851,4.658211483,7.460414939,MORCPR,Lung Cancer,Lung
ACH-000824,5.551208374,7.336283388,KYSE510,Esophageal Cancer,Esophagus
ACH-000506,6.175724185,8.263316155,NCIH146,Lung Cancer,Lung
ACH-000540,3.768713657,6.990160706,HS606T,Fibroblast,Fibroblast
ACH-000061,5.657068301,7.582254908,HH,Lymphoma,Lymphocyte
ACH-000185,2.629939409,6.642123916,HS737T,Fibroblast,Fibroblast
ACH-000568,3.956056652,6.760487102,UACC812,Breast Cancer,Breast
ACH-000707,6.215096121,8.105018005,P3HR1,Lymphoma,Lymphocyte
ACH-000603,4.622344723,6.061992154,BEN,Lung Cancer,Lung
ACH-000983,5.737686761,7.76427449,KCL22,Leukemia,Blood
ACH-000541,6.725332171,7.679057785,KMS34,Myeloma,Plasma Cell
ACH-000680,5.537917249,6.453023647,SW948,Colon/Colorectal Cancer,Colorectal
ACH-002460,4.115199749,6.329841177,HT144SKINFV2,Skin Cancer,Skin
ACH-000111,5.126807703,6.704595348,HCC1187,Breast Cancer,Breast
ACH-002463,3.552131108,7.394719913,RPE1SS77,Engineered,Engineered
ACH-000369,6.0725346,7.789468437,MOLM16,Leukemia,Blood
ACH-000618,4.764473551,6.980939266,SNU1041,Head and Neck Cancer,Upper Aerodigestive
ACH-000470,5.161081482,7.295355693,SW1463,Colon/Colorectal Cancer,Colorectal
ACH-002039,5.82374936,7.059614856,PK8,Pancreatic Cancer,Pancreas
ACH-000118,5.415488271,6.754486698,HUPT3,Pancreatic Cancer,Pancreas
ACH-000614,4.614120869,6.161081482,RVH421,Skin Cancer,Skin
ACH-001078,3.301587647,6.64255718,HCC1588,Lung Cancer,Lung
ACH-000432,6.078737909,8.658568541,BV173,Leukemia,Blood
ACH-000556,4.848497755,7.403012024,SIHA,Cervical Cancer,Cervix
ACH-001804,3.9202933,6.791423397,LPS510,Liposarcoma,Soft Tissue
ACH-001386,5.765534746,7.197609878,SCLC22H,Lung Cancer,Lung
ACH-001060,6.636769608,7.701687664,DL40,Lymphoma,Lymphocyte
ACH-001525,3.866907978,5.498250868,HT3,Cervical Cancer,Cervix
ACH-001539,3.689299161,6.537917249,KML1,Lymphoma,Lymphocyte
ACH-000014,4.576522138,6.724240977,HS294T,Skin Cancer,Skin
ACH-000637,5.320123598,6.930973826,KYSE520,Esophageal Cancer,Esophagus
ACH-000455,4.654206378,6.704457019,LN428,Brain Cancer,Central Nervous System
ACH-000389,5.456806149,7.434878384,H4,Brain Cancer,Central Nervous System
ACH-000129,5.747924416,8.116187986,NCIH1341,Lung Cancer,Lung
ACH-000490,5.019701914,7.285587168,SF767,Brain Cancer,Central Nervous System
ACH-000434,5.8899602,7.67990229,NCIH1915,Lung Cancer,Lung
ACH-001086,4.920769673,8.32422556,HELA,Cervical Cancer,Cervix
ACH-002042,4.329123596,7.034633917,T3M5,Thyroid Cancer,Thyroid
ACH-000597,5.539779192,7.060371694,TTC709,Rhabdoid,Soft Tissue
ACH-000756,5.135863165,7.464178138,GI1,Brain Cancer,Central Nervous System
ACH-000396,5.600804955,7.735657559,J82,Bladder Cancer,Urinary Tract
ACH-000089,5.266786541,7.351822645,NCIH684,Colon/Colorectal Cancer,Colorectal
ACH-000371,5.858229714,8.14067642,RL,Lymphoma,Lymphocyte
ACH-000265,6.274075255,7.608513578,KP4,Pancreatic Cancer,Pancreas
ACH-000132,4.321928095,6.548282482,JHOS2,Ovarian Cancer,Ovary
ACH-000216,5.87036472,7.787510824,JHESOAD1,Esophageal Cancer,Esophagus
ACH-000613,5.7977912,8.016919688,HOS,Bone Cancer,Bone
ACH-000855,4.287620044,7.46458659,KYSE150,Esophageal Cancer,Esophagus
ACH-000906,5.410069692,8.19175016,ES2,Ovarian Cancer,Ovary
ACH-000348,5.083638879,6.958842675,RPMI7951,Skin Cancer,Skin
ACH-001100,3.735522177,5.340562269,KHYG,Lymphoma,Lymphocyte
ACH-000238,5.332707934,6.874674032,SCC4,Head and Neck Cancer,Upper Aerodigestive
ACH-000237,4.377123749,6.692510892,JHOM1,Ovarian Cancer,Ovary
ACH-000393,5.821710215,7.633576519,HLF,Liver Cancer,Liver
ACH-000623,4.922197848,6.878480131,SNU201,Brain Cancer,Central Nervous System
ACH-000359,5.375387027,7.80928581,MG63,Bone Cancer,Bone
ACH-001028,3.642701572,5.801158656,CHLA06ATRT,Rhabdoid,Soft Tissue
ACH-000621,5.596637034,7.477110628,MDAMB157,Breast Cancer,Breast
ACH-000056,5.471512648,7.680535344,DOHH2,Lymphoma,Lymphocyte
ACH-000483,5.567423758,7.372255648,SNU182,Liver Cancer,Liver
ACH-000514,5.739037979,8.197413299,NCIH1092,Lung Cancer,Lung
ACH-000051,5.554895775,7.073391816,TE617T,Sarcoma,Soft Tissue
ACH-000043,3.9202933,7.66831772,HS895T,Fibroblast,Fibroblast
ACH-000936,5.977050906,6.979225105,EFO27,Ovarian Cancer,Ovary
ACH-000716,5.530133184,8.167367964,TT2609C02,Thyroid Cancer,Thyroid
ACH-000988,5.497612366,7.10234319,MFE319,Endometrial/Uterine Cancer,Uterus
ACH-000952,4.445594291,7.1017131,MDAPCA2B,Prostate Cancer,Prostate
ACH-000065,5.413458688,7.300489844,OCIAML5,Leukemia,Blood
ACH-000609,5.851998837,8.234434258,SF126,Brain Cancer,Central Nervous System
ACH-001411,5.261530815,6.948717641,UMUC5,Bladder Cancer,Urinary Tract
ACH-000504,5.592158002,7.625635793,SNB75,Brain Cancer,Central Nervous System
ACH-000956,5.358958826,7.325530332,22RV1,Prostate Cancer,Prostate
ACH-001712,2.344828497,6.259084133,HS860T,Bone Cancer,Bone
ACH-000652,5.6114675,7.396690399,SUIT2,Pancreatic Cancer,Pancreas
ACH-000414,4.864928972,6.992315252,NCIH1944,Lung Cancer,Lung
ACH-000472,4.337711092,6.648753033,HSC2,Head and Neck Cancer,Upper Aerodigestive
ACH-000007,4.736604875,7.383185866,LS513,Colon/Colorectal Cancer,Colorectal
ACH-000446,5.297191417,6.523248293,KPNSI9S,Neuroblastoma,Peripheral Nervous System
ACH-000386,5.976363636,7.590811576,KG1,Leukemia,Blood
ACH-001850,5.590961241,8.811117763,G415,Gallbladder Cancer,Bile Duct
ACH-000755,3.663344619,7.393261735,HCC2218,Breast Cancer,Breast
ACH-000028,5.276124405,7.510645504,KPL1,Breast Cancer,Breast
ACH-000665,4.576522138,7.206135253,SKMES1,Lung Cancer,Lung
ACH-000078,5.291677223,7.597158683,MHHNB11,Neuroblastoma,Peripheral Nervous System
ACH-002046,5.879460723,7.640244936,HTMMT,Endometrial/Uterine Cancer,Uterus
ACH-000397,5.560103513,7.419707421,TEN,Endometrial/Uterine Cancer,Uterus
ACH-000229,2.114367025,6.433126376,HS822T,Fibroblast,Fibroblast
ACH-000518,4.568032105,6.85237345,CAL33,Head and Neck Cancer,Upper Aerodigestive
ACH-001566,4.341985747,5.610877199,MM370,Skin Cancer,Skin
ACH-000252,4.361066489,7.351469324,LS1034,Colon/Colorectal Cancer,Colorectal
ACH-000572,5.747118816,6.528102429,G361,Skin Cancer,Skin
ACH-001605,4.448240225,6.753551055,NO10,Brain Cancer,Central Nervous System
ACH-000277,4.608809243,7.519636253,HCC1419,Breast Cancer,Breast
ACH-001239,5.756756451,6.914684105,WM2664,Skin Cancer,Skin
ACH-000786,5.734438666,7.626366124,DAUDI,Lymphoma,Lymphocyte
ACH-000803,5.832890014,7.369379235,COLO668,Lung Cancer,Lung
ACH-001970,3.119356177,5.512858954,MM253,Skin Cancer,Skin
ACH-002038,5.325170512,6.545505101,HSKTC,Ovarian Cancer,Ovary
ACH-000537,4.117695043,6.74402651,SNU761,Liver Cancer,Liver
ACH-000419,5.202417722,7.567956075,KMS28BM,Myeloma,Plasma Cell
ACH-000724,5.375387027,7.280956314,HT1376,Bladder Cancer,Urinary Tract
ACH-000522,6.400196342,8.091699834,UMUC3,Bladder Cancer,Urinary Tract
ACH-001549,5.525442506,8.17876443,LU135,Lung Cancer,Lung
ACH-000706,4.961160258,6.956521363,EKVX,Lung Cancer,Lung
ACH-000737,4.079804755,6.424754167,NCIH1385,Lung Cancer,Lung
ACH-000548,4.509695842,6.985272714,BHY,Head and Neck Cancer,Upper Aerodigestive
ACH-001839,4.3950628,6.390942773,ICC137,Bile Duct Cancer,Bile Duct
ACH-001799,5.17951105,6.587665021,LPS141,Liposarcoma,Soft Tissue
ACH-001573,2.570462931,5.111865964,MOLM1,Leukemia,Blood
ACH-000425,5.386121157,6.289465631,UACC62,Skin Cancer,Skin
ACH-000375,5.904484098,6.819923596,G402,Kidney Cancer,Soft Tissue
ACH-000753,6.523718762,8.141443009,JMSU1,Bladder Cancer,Urinary Tract
ACH-000275,3.922197848,7.449891473,HS834T,Fibroblast,Fibroblast
ACH-000735,5.625270489,7.021368678,PECAPJ49,Head and Neck Cancer,Upper Aerodigestive
ACH-000654,6.403608584,7.899900664,RAJI,Lymphoma,Lymphocyte
ACH-001067,5.023698917,6.919340082,F5,Brain Cancer,Central Nervous System
ACH-000170,4.723012396,7.455491621,PRECLH,Engineered,Engineered Prostate
ACH-001394,4.66106548,6.080018029,SUM229PE,Breast Cancer,Breast
ACH-000404,5.12763328,6.473624583,K029AX,Skin Cancer,Skin
ACH-000882,5.672708196,6.438292852,IGR1,Skin Cancer,Skin
ACH-001509,3.037382222,5.465648026,H357,Head and Neck Cancer,Upper Aerodigestive
ACH-000210,4.28169825,6.911811402,CADOES1,Bone Cancer,Bone
ACH-000254,4.417515003,6.208088008,SCC15,Head and Neck Cancer,Upper Aerodigestive
ACH-000604,4.834407842,7.269874722,KYO1,Leukemia,Blood
ACH-000090,5.510012465,7.194362891,PC3,Prostate Cancer,Prostate
ACH-000195,5.883132016,7.485909792,SET2,Leukemia,Blood
ACH-001791,2.435628594,4.426264755,LPS6,Liposarcoma,Soft Tissue
ACH-001650,5.373996142,7.143944366,SISO,Cervical Cancer,Cervix
ACH-000605,5.439290681,6.500324049,TE6,Esophageal Cancer,Esophagus
ACH-000458,4.559491813,7.62556274,CJM,Skin Cancer,Skin
ACH-000004,6.212569339,7.365447589,HEL,Leukemia,Blood
ACH-000251,5.283921772,7.780375722,NCIH2887,Lung Cancer,Lung
ACH-000241,4.40053793,6.717676423,JK1,Leukemia,Blood
ACH-001194,5.506525779,7.262846543,SKRC31,Kidney Cancer,Kidney
ACH-001443,5.939461678,8.36207532,ASH3,Thyroid Cancer,Thyroid
ACH-000688,5.595145568,7.387414242,OV7,Ovarian Cancer,Ovary
ACH-000405,5.697940583,8.14363831,MEC1,Leukemia,Blood
ACH-000821,6.371210343,6.921721947,EJM,Myeloma,Plasma Cell
ACH-001677,5.891662208,7.957682486,U2904,Lymphoma,Lymphocyte
ACH-001627,4.537296067,5.966707314,P4E6,Prostate Cancer,Prostate
ACH-000951,5.342341397,7.05017516,NCIH2342,Lung Cancer,Lung
ACH-001036,4.699884729,7.013350592,CMK115,Leukemia,Blood
ACH-000547,5.085339669,7.127530108,HT1197,Bladder Cancer,Urinary Tract
ACH-000826,5.411426246,7.350585645,CAL12T,Lung Cancer,Lung
ACH-001147,4.718087584,5.62029315,OCILY12,Lymphoma,Lymphocyte
ACH-000162,5.842727469,8.337220478,GA10,Lymphoma,Lymphocyte
ACH-001751,4.7382274,7.069637728,RH36,Sarcoma,Soft Tissue
ACH-000018,5.882153917,8.25143507,T24,Bladder Cancer,Urinary Tract
ACH-000721,5.516645558,7.056366761,HMC18,Breast Cancer,Breast
ACH-000003,4.95373085,7.471024839,CACO2,Colon/Colorectal Cancer,Colorectal
ACH-000092,5.433293326,7.942749071,NCIH2452,Lung Cancer,Lung
ACH-000669,6.488000771,7.911751493,SW900,Lung Cancer,Lung
ACH-001099,4.920769673,6.98208091,KD,Rhabdoid,Soft Tissue
ACH-000648,5.474111514,7.589089313,NCIH28,Lung Cancer,Lung
ACH-000950,5.361417467,7.001126665,LOVO,Colon/Colorectal Cancer,Colorectal
ACH-000050,5.616769366,7.11997861,NCIH929,Myeloma,Plasma Cell
ACH-001106,5.73470962,8.181450458,KOPN8,Leukemia,Blood
ACH-000367,5.724650272,7.651051691,NCIH226,Lung Cancer,Lung
ACH-000589,5.385431037,7.648753033,NCIH1437,Lung Cancer,Lung
ACH-000564,5.284292026,6.287250643,KHM1B,Myeloma,Plasma Cell
ACH-001522,4.080657663,6.266411766,HMY1,Skin Cancer,Skin
ACH-000831,5.944624223,7.762083004,HEC50B,Endometrial/Uterine Cancer,Uterus
ACH-000424,5.912410354,8.107897062,TC71,Bone Cancer,Bone
ACH-000409,5.733896605,8.263081368,OVSAHO,Ovarian Cancer,Ovary
ACH-000616,6.353852559,8.527555199,HS746T,Gastric Cancer,Gastric
ACH-000628,4.971773447,7.257010618,NCIH596,Lung Cancer,Lung
ACH-000512,6.15704371,7.906349484,INA6,Myeloma,Plasma Cell
ACH-000232,4.816087659,7.01658546,U251MG,Brain Cancer,Central Nervous System
ACH-000820,5.000901403,7.121533517,SW403,Colon/Colorectal Cancer,Colorectal
ACH-001295,4.867896464,7.388103414,Y79,Eye Cancer,Eye
ACH-001164,3.15704371,5.888743249,CCLFPEDS0003T,Sarcoma,Soft Tissue
ACH-000806,5.602290585,7.01234519,L540,Lymphoma,Lymphocyte
ACH-000645,5.083213368,7.421559945,JL1,Lung Cancer,Lung
ACH-000099,4.672990994,7.805937293,SIMA,Neuroblastoma,Peripheral Nervous System
ACH-000902,3.944858446,7.19061486,CAL148,Breast Cancer,Breast
ACH-000649,6.610581958,7.76513689,786O,Kidney Cancer,Kidney
ACH-000086,5.158256229,6.959770155,ACCMESO1,Lung Cancer,Lung
ACH-000149,5.301587647,7.644649454,SKNSH,Neuroblastoma,Peripheral Nervous System
ACH-000142,5.430619811,7.000901403,CAL29,Bladder Cancer,Urinary Tract
ACH-000227,5.066519781,7.493375138,KPNYN,Neuroblastoma,Peripheral Nervous System
ACH-000697,4.266786541,6.37521324,A3KAW,Lymphoma,Lymphocyte
ACH-000942,6.240886714,8.156790974,HPBALL,Leukemia,Blood
ACH-000264,5.968321196,7.117591158,CALU6,Lung Cancer,Lung
ACH-000809,5.50589093,6.705977902,KYSE410,Esophageal Cancer,Esophagus
ACH-000100,5.98230913,7.477434484,RH41,Sarcoma,Soft Tissue
ACH-000060,5.952333566,7.875227153,PANC1005,Pancreatic Cancer,Pancreas
ACH-000001,5.378511623,7.077029314,NIHOVCAR3,Ovarian Cancer,Ovary
ACH-000957,5.120600774,7.607404296,LS180,Colon/Colorectal Cancer,Colorectal
ACH-000650,6.463524373,6.978081198,IGR37,Skin Cancer,Skin
ACH-001196,5.482848283,7.350497247,SMSCTR,Sarcoma,Soft Tissue
ACH-000239,4.93593114,8.178266468,HUG1N,Gastric Cancer,Gastric
ACH-000762,5.577730931,7.435128498,YD38,Head and Neck Cancer,Upper Aerodigestive
ACH-000922,5.94673086,8.15911448,RCHACV,Leukemia,Blood
ACH-000859,6.069315495,7.203299056,HCC1954,Breast Cancer,Breast
ACH-000990,4.828326926,7.009436756,HEC108,Endometrial/Uterine Cancer,Uterus
ACH-000410,5.941341105,7.569323991,SAOS2,Bone Cancer,Bone
ACH-000927,4.789207575,6.361241988,BT474,Breast Cancer,Breast
ACH-001853,4.485426827,6.145677455,KMCH1,Bile Duct Cancer,Bile Duct
ACH-000694,5.221103725,7.558573776,TE9,Esophageal Cancer,Esophagus
ACH-000935,5.557961427,7.815447343,MDST8,Colon/Colorectal Cancer,Colorectal
ACH-000918,5.548128324,7.944975543,MOLT16,Leukemia,Blood
ACH-000761,5.221103725,6.994466585,NUGC2,Gastric Cancer,Gastric
ACH-001563,5.800123353,7.870919496,MM127,Skin Cancer,Skin
ACH-000974,4.091699834,6.643278996,SNGM,Endometrial/Uterine Cancer,Uterus
ACH-000297,4.789729251,7.40641762,NCIH889,Lung Cancer,Lung
ACH-001719,5.14974712,6.572434966,OCIC4P,Ovarian Cancer,Ovary
ACH-000243,5.286141873,7.14689956,DANG,Pancreatic Cancer,Pancreas
ACH-001418,5.373996142,6.156032499,UWB1289,Ovarian Cancer,Ovary
ACH-000362,5.203984166,7.819412726,MOLM13,Leukemia,Blood
ACH-000843,6.298658316,7.73430317,HARA,Lung Cancer,Lung
ACH-000840,6.269407241,7.896029603,HCC366,Lung Cancer,Lung
ACH-001852,3.399171094,6.348019909,HKGZCC,Bile Duct Cancer,Bile Duct
ACH-001528,5.479295243,6.97819563,IHH4,Thyroid Cancer,Thyroid
ACH-001656,6.008316564,8.001520791,SKNO1,Leukemia,Blood
ACH-000016,3.152183419,6.111240021,SLR21,Kidney Cancer,Kidney
ACH-000165,5.269407241,7.830990481,HS751T,Fibroblast,Fibroblast
ACH-001460,4.565597176,6.721646078,C84,Colon/Colorectal Cancer,Colorectal
ACH-000592,5.992315252,7.327148408,TM31,Brain Cancer,Central Nervous System
ACH-001192,6.052676724,6.940519157,SKNEP1,Bone Cancer,Bone
ACH-000045,5.118525849,7.697384631,MV411,Leukemia,Blood
ACH-000741,5.116447936,6.916954279,UBLC1,Bladder Cancer,Urinary Tract
ACH-000912,6.818518269,8.188539395,NCIH2286,Lung Cancer,Lung
ACH-000529,4.878725341,7.399683809,T173,Fibroblast,Fibroblast
ACH-000508,6.395576977,7.424754167,CORL88,Lung Cancer,Lung
ACH-000577,4.942983598,8.10841991,JHH2,Liver Cancer,Liver
ACH-000768,6.386810946,8.079004695,MDAMB231,Breast Cancer,Breast
ACH-000636,6.271836493,7.759821621,RPMI8402,Leukemia,Blood
ACH-000667,3.635754391,6.651912745,HCC44,Lung Cancer,Lung
ACH-000905,5.256633295,7.067273007,5637,Bladder Cancer,Urinary Tract
ACH-001494,2.13093087,5.793375711,EGI1,Bile Duct Cancer,Bile Duct
ACH-000387,6.63343121,8.430577998,TF1,Leukemia,Blood
ACH-002510,2.350497247,4.961623328,M040416,Skin Cancer,Skin
ACH-001303,4.851998837,6.822092774,NB1643,Neuroblastoma,Peripheral Nervous System
ACH-000026,5.746043983,7.112178834,253JBV,Bladder Cancer,Urinary Tract
ACH-000838,5.664198369,7.575387973,AMO1,Myeloma,Plasma Cell
ACH-001172,4.951401292,6.045486656,R256,Brain Cancer,Central Nervous System
ACH-000822,4.922197848,6.894817763,SKMEL24,Skin Cancer,Skin
ACH-000531,3.176322773,6.748327048,RS5,Fibroblast,Fibroblast
ACH-000349,4.67468662,7.233044401,HCC1500,Breast Cancer,Breast
ACH-000527,5.226893814,6.778471434,OVISE,Ovarian Cancer,Ovary
ACH-000279,6.251340383,7.330289483,EWS502,Bone Cancer,Bone
ACH-000516,5.793375711,8.649759147,CAL78,Bone Cancer,Bone
ACH-000812,5.253611152,6.604664415,COLO783,Skin Cancer,Skin
ACH-001300,4.916476644,7.377036963,CHLA15,Neuroblastoma,Peripheral Nervous System
ACH-000524,4.567423758,5.866660751,KURAMOCHI,Ovarian Cancer,Ovary
ACH-000611,5.940871478,7.606294161,SUDHL6,Lymphoma,Lymphocyte
ACH-000411,5.397460726,7.478001056,769P,Kidney Cancer,Kidney
ACH-000718,6.18030702,7.473624583,NCIH2291,Lung Cancer,Lung
ACH-000903,5.843983844,7.515147882,FTC133,Thyroid Cancer,Thyroid
ACH-000433,4.39848719,6.939109013,CAKI1,Kidney Cancer,Kidney
ACH-000499,7.049521865,7.543186525,EW8,Bone Cancer,Bone
ACH-000278,5.608809243,7.218587452,COV362,Ovarian Cancer,Ovary
ACH-000202,5.41379715,6.689019541,COLO320,Colon/Colorectal Cancer,Colorectal
ACH-001736,5.59275601,7.353411516,HB1119,Leukemia,Blood
ACH-001379,5.272396509,6.668743189,PACADD161,Pancreatic Cancer,Pancreas
ACH-000128,5.997969782,7.864990857,LN319,Brain Cancer,Central Nervous System
ACH-000696,6.945677926,7.914265526,OVCAR8,Ovarian Cancer,Ovary
ACH-000041,5.461070114,7.402329939,RDES,Bone Cancer,Bone
ACH-000214,4.267535798,6.73457415,HS675T,Fibroblast,Fibroblast
ACH-000747,5.706806799,7.393004257,NCIH1703,Lung Cancer,Lung
ACH-001307,5.904965719,8.329303025,8505C,Thyroid Cancer,Thyroid
ACH-000341,5.260402093,8.923891972,SKNFI,Neuroblastoma,Peripheral Nervous System
ACH-001740,5.625270489,7.818901676,RH28,Sarcoma,Soft Tissue
ACH-000417,5.527007761,7.117175546,PANC0813,Pancreatic Cancer,Pancreas
ACH-000120,4.883620816,7.137503524,CHP212,Neuroblastoma,Peripheral Nervous System
ACH-001694,2.025028794,6.024807233,UPCISCC074,Head and Neck Cancer,Upper Aerodigestive
ACH-001542,4.566206293,6.451870479,KON,Head and Neck Cancer,Upper Aerodigestive
ACH-002509,4.264536431,6.307064162,WM4235,Skin Cancer,Skin
ACH-000438,5.160678213,7.890081838,LU65,Lung Cancer,Lung
ACH-001366,4.743084056,5.892633883,NGP,Neuroblastoma,Peripheral Nervous System
ACH-000532,5.147306699,7.456559766,SNU61,Colon/Colorectal Cancer,Colorectal
ACH-000653,6.386121157,7.413712542,JJN3,Myeloma,Plasma Cell
ACH-000839,4.951401292,6.736334277,SCABER,Bladder Cancer,Urinary Tract
ACH-000673,5.174326515,7.709221698,LN443,Brain Cancer,Central Nervous System
ACH-001524,2.039138394,6.148324042,HSC5,Skin Cancer,Skin
ACH-000069,6.070174625,7.835355674,HS611T,Lymphoma,Lymphocyte
ACH-000323,5.614120869,8.144352339,42MGBA,Brain Cancer,Central Nervous System
ACH-000021,5.043081982,7.548975993,NCIH1693,Lung Cancer,Lung
ACH-001863,5.942983598,6.142617655,TKKK,Bile Duct Cancer,Bile Duct
ACH-000980,6.122051448,8.499008722,NCIH1155,Lung Cancer,Lung
ACH-000106,4.837943242,6.675815931,JVM2,Lymphoma,Lymphocyte
ACH-000734,4.904484098,7.168521699,JHH5,Liver Cancer,Liver
ACH-000845,6.091065078,7.866846175,NCIH1373,Lung Cancer,Lung
ACH-000730,5.075104722,7.009884589,SKMEL5,Skin Cancer,Skin
ACH-001334,5.428276414,6.957566416,C4I,Cervical Cancer,Cervix
ACH-000698,6.095713484,7.154311811,DMS53,Lung Cancer,Lung
ACH-000802,4.64731451,7.28503225,BFTC905,Bladder Cancer,Urinary Tract
ACH-001836,4.944389962,7.828961552,ICC108,Bile Duct Cancer,Bile Duct
ACH-000573,5.578334949,7.140267406,MDAMB436,Breast Cancer,Breast
ACH-001699,4.3305584,6.05115455,UPCISCC131,Head and Neck Cancer,Upper Aerodigestive
ACH-000963,5.709842019,7.896211291,CCK81,Colon/Colorectal Cancer,Colorectal
ACH-001567,5.23610989,6.296824459,MM383,Skin Cancer,Skin
ACH-001653,3.124328135,6.597084173,SKGT2,Gastric Cancer,Gastric
ACH-000852,5.755154643,8.152639768,NCIH1435,Lung Cancer,Lung
ACH-001862,4.289096702,7.335569006,TGBC52TKB,Bile Duct Cancer,Bile Duct
ACH-000661,5.978424465,7.050284014,WM1799,Skin Cancer,Skin
ACH-001500,6.121844298,7.783653086,FLO1,Esophageal Cancer,Esophagus
ACH-001190,5.491532462,7.436211821,SKMEL2,Skin Cancer,Skin
ACH-002467,4.85698569,8.014187891,RPE1SS51,Engineered,Engineered
ACH-000364,6.346779643,7.566891244,U2OS,Bone Cancer,Bone
ACH-000448,4.121844298,7.088205214,NCIH1666,Lung Cancer,Lung
ACH-000932,5.46760555,7.833902077,SNU1,Gastric Cancer,Gastric
ACH-000783,4.791293149,7.416333089,CAMA1,Breast Cancer,Breast
ACH-002044,5.411765185,7.68769061,HSQ89,Head and Neck Cancer,Upper Aerodigestive
ACH-000301,4.238022518,7.389394724,LAMA84,Leukemia,Blood
ACH-002459,4.026800059,6.271649772,HT144SKINFV3,Skin Cancer,Skin
ACH-000976,5.30633516,7.433126376,HUCCT1,Bile Duct Cancer,Bile Duct
ACH-001516,5.539779192,8.41100246,HCSC1,Cervical Cancer,Cervix
ACH-001354,4.759155834,6.741332149,LAN2,Neuroblastoma,Peripheral Nervous System
ACH-001645,4.232660757,6.083426139,SEKI,Skin Cancer,Skin
ACH-000867,4.39848719,6.107269394,CHAGOK1,Lung Cancer,Lung
ACH-000304,5.358255587,6.498410449,WM115,Skin Cancer,Skin
ACH-002069,5.64385619,7.260496187,HSOS1,Bone Cancer,Bone
ACH-000931,5.916954279,7.263691734,HMCB,Skin Cancer,Skin
ACH-001374,6.231893162,7.028016544,PA1,Ovarian Cancer,Ovary
ACH-000302,4.730096466,5.778208576,SNU1077,Endometrial/Uterine Cancer,Uterus
ACH-000305,3.189033824,5.616181231,ECGI10,Esophageal Cancer,Esophagus
ACH-000072,5.361417467,7.346868269,MEG01,Leukemia,Blood
ACH-000766,5.394376945,6.651051691,NCIH1648,Lung Cancer,Lung
ACH-000533,4.824767853,7.097189387,NCIH2004RT,Rhabdoid,Soft Tissue
ACH-000343,5.672142433,6.70348835,NCIH522,Lung Cancer,Lung
ACH-000171,5.675251386,6.956172844,VMRCRCZ,Kidney Cancer,Kidney
ACH-000173,5.576522138,6.929672662,JHUEM3,Endometrial/Uterine Cancer,Uterus
ACH-000535,4.725195817,7.466545554,BXPC3,Pancreatic Cancer,Pancreas
ACH-000774,4.457462965,6.509062386,RERFLCAD2,Lung Cancer,Lung
ACH-000178,4.837943242,7.879154359,HS766T,Pancreatic Cancer,Pancreas
ACH-001306,5.619119511,7.720688885,8305C,Thyroid Cancer,Thyroid
ACH-000994,5.683134985,7.608735332,HEC59,Endometrial/Uterine Cancer,Uterus
ACH-000372,6.663771557,7.844423317,P12ICHIKAWA,Leukemia,Blood
ACH-000804,5.21023299,7.591036068,NB1,Neuroblastoma,Peripheral Nervous System
ACH-000011,4.676380255,6.833269621,253J,Bladder Cancer,Urinary Tract
ACH-000733,5.827056837,7.168220814,NCIH1838,Lung Cancer,Lung
ACH-001603,3.799087306,6.946964741,NH12,Neuroblastoma,Peripheral Nervous System
ACH-000829,6.478162893,8.157700618,HUNS1,Myeloma,Plasma Cell
ACH-000141,5.04745114,6.736469582,SNU308,Gallbladder Cancer,Bile Duct
ACH-000810,5.432625411,7.777682717,SKMEL30,Skin Cancer,Skin
ACH-001145,6.257010618,7.363609147,OC316,Ovarian Cancer,Ovary
ACH-000717,4.769242795,6.796493929,COLO680N,Esophageal Cancer,Esophagus
ACH-000738,6.371558863,7.377644358,GB1,Brain Cancer,Central Nervous System
ACH-001843,2.885574364,6.200064862,ICC3,Bile Duct Cancer,Bile Duct
ACH-000780,6.032321287,7.78404587,NCIH1105,Lung Cancer,Lung
ACH-001548,5.334496768,8.359793477,LS,Neuroblastoma,Peripheral Nervous System
ACH-000759,4.549669171,7.465239874,MDAMB175VII,Breast Cancer,Breast
ACH-001555,1.782408565,6.986297154,MERO14,Lung Cancer,Lung
ACH-001369,3.326249701,5.702103407,OCIC5X,Ovarian Cancer,Ovary
ACH-000969,4.773996325,7.091065078,KM12,Colon/Colorectal Cancer,Colorectal
ACH-000873,4.340562269,6.757156626,KYSE270,Esophageal Cancer,Esophagus
ACH-001275,5.762083004,7.388447876,SYO1,Sarcoma,Soft Tissue
ACH-000921,5.441948191,7.274168461,NCIH1339,Lung Cancer,Lung
ACH-001373,4.937815169,6.713970692,OV17R,Ovarian Cancer,Ovary
ACH-001022,5.484460413,7.361505198,CBAGPN,Bone Cancer,Bone
ACH-000082,6.478162893,7.725945606,G292CLONEA141B1,Bone Cancer,Bone
ACH-000488,4.675815931,7.233236185,TE11,Esophageal Cancer,Esophagus
ACH-000790,5.501439145,8.047723774,SHP77,Lung Cancer,Lung
ACH-000172,4.493775408,7.049848549,TM87,Rhabdoid,Soft Tissue
ACH-000647,6.13524755,7.224966365,TE1,Esophageal Cancer,Esophagus
ACH-000602,5.809928866,7.215290306,M07E,Leukemia,Blood
ACH-000156,6.131959823,8.269781238,MHHCALL4,Leukemia,Blood
ACH-002001,3.98550043,6.910732662,A375SKINCJ1,Skin Cancer,Skin
ACH-000315,5.067380578,7.623515741,KARPAS422,Lymphoma,Lymphocyte
ACH-002446,4.305240966,5.77478706,CCLFUPGI0005T,Gastric Cancer,Gastric
ACH-000201,5.627606838,7.396176618,A204,Rhabdoid,Soft Tissue
ACH-000435,4.814037648,6.314152694,EFE184,Endometrial/Uterine Cancer,Uterus
ACH-000965,5.105175192,7.273142859,RL952,Endometrial/Uterine Cancer,Uterus
ACH-001550,5.181102551,7.948834426,MCC13,Skin Cancer,Skin
ACH-002026,3.606442228,6.547203025,HHUA,Endometrial/Uterine Cancer,Uterus
ACH-000883,5.01658546,7.615004242,SW1783,Brain Cancer,Central Nervous System
ACH-000482,4.621172753,7.056041549,RERFLCKJ,Lung Cancer,Lung
ACH-000450,5.369466484,6.663486946,MELHO,Skin Cancer,Skin
ACH-000835,5.704595348,8.249777153,GCT,Sarcoma,Soft Tissue
ACH-001802,4.673556424,6.389910925,LPS853,Liposarcoma,Soft Tissue
ACH-000629,5.988230223,8.855522589,IOMMLEE,Brain Cancer,Central Nervous System
ACH-000715,5.150965784,7.166213306,SNU1214,Head and Neck Cancer,Upper Aerodigestive
ACH-000870,6.626147064,9.093892882,NCIH1930,Lung Cancer,Lung
ACH-000874,4.04176865,7.264724074,RS411,Leukemia,Blood
ACH-000910,4.944389962,8.524306634,MDAMB453,Breast Cancer,Breast
ACH-000779,5.060479781,6.913607512,PC9,Lung Cancer,Lung
ACH-000140,5.839959587,7.799799668,PFEIFFER,Lymphoma,Lymphocyte
ACH-001096,5.255500733,7.730707878,JR,Sarcoma,Soft Tissue
ACH-001484,5.06307145,6.823621998,CI,Leukemia,Blood
ACH-000693,5.583158004,7.500483401,KYSE180,Esophageal Cancer,Esophagus
ACH-000811,4.464014725,7.684327846,SKOV3,Ovarian Cancer,Ovary
ACH-000101,6.074034394,8.268050687,KE37,Leukemia,Blood
ACH-000423,5.439955517,6.380071387,SKMEL3,Skin Cancer,Skin
ACH-000290,6.515699838,8.461765911,NCIH209,Lung Cancer,Lung
ACH-000492,5.345183447,7.565825625,MUTZ5,Leukemia,Blood
ACH-001519,2.82374936,6.077670274,HEMCSS,Bone Cancer,Bone
ACH-000110,3.721372659,5.842727469,NCCSTCK140,Gastric Cancer,Gastric
ACH-001497,4.057450272,6.346602375,ESO51,Esophageal Cancer,Esophagus
ACH-000102,6.207697669,7.680254021,GMS10,Brain Cancer,Central Nervous System
ACH-000817,6.556429415,7.059398544,RPMI8226,Myeloma,Plasma Cell
ACH-001556,4.578938713,7.573798644,MERO25,Lung Cancer,Lung
ACH-000964,5.503984704,7.58082385,MOLT3,Leukemia,Blood
ACH-000378,5.649040566,7.516409186,NCIH647,Lung Cancer,Lung
ACH-000913,6.06436554,7.77016832,ESS1,Endometrial/Uterine Cancer,Uterus
ACH-000575,6.344650989,7.282069075,HCC364,Lung Cancer,Lung
ACH-000634,5.506208389,7.845050903,LN340,Brain Cancer,Central Nervous System
ACH-001322,5.055716264,7.05853297,CME1,Sarcoma,Soft Tissue
ACH-000767,5.978882028,9.188465216,NCIH526,Lung Cancer,Lung
ACH-001642,3.056583528,5.137913322,SCC3,Lymphoma,Lymphocyte
ACH-001552,5.913846824,7.093074182,MCC26,Skin Cancer,Skin
ACH-000451,5.68116812,7.069100632,NCIH2085,Lung Cancer,Lung
ACH-000879,6.125155131,7.713214653,MFE296,Endometrial/Uterine Cancer,Uterus
ACH-001842,4.296457407,5.753016129,ICC2,Bile Duct Cancer,Bile Duct
ACH-001032,4.421559945,6.242030802,CHLA32,Bone Cancer,Bone
ACH-000982,5.496654083,7.61117238,GP2D,Colon/Colorectal Cancer,Colorectal
ACH-001636,5.271649772,7.011003564,RAMOS,Lymphoma,Lymphocyte
ACH-000189,4.176322773,6.749802402,RCC10RGB,Kidney Cancer,Kidney
ACH-000454,5.822730148,7.398829182,HCC95,Lung Cancer,Lung
ACH-000131,5.696828465,8.448033686,HS229T,Fibroblast,Fibroblast
ACH-000660,6.222263604,7.923030298,SUDHL5,Lymphoma,Lymphocyte
ACH-001197,5.964167561,6.855740592,SMZ1,Lymphoma,Lymphocyte
ACH-000915,5.54225805,7.746648675,IPC298,Skin Cancer,Skin
ACH-000480,5.564378169,6.840840853,HUH7,Liver Cancer,Liver
ACH-000745,5.441948191,6.271089466,MOLP8,Myeloma,Plasma Cell
ACH-000161,5.09212285,6.989252565,CORL105,Lung Cancer,Lung
ACH-000395,5.969933275,7.964398632,NCIH520,Lung Cancer,Lung
ACH-001459,4.772941338,6.383358695,C80,Colon/Colorectal Cancer,Colorectal
ACH-000916,5.333065878,7.396776011,NCIH1573,Lung Cancer,Lung
ACH-001609,3.67468662,7.214416269,NP3,Brain Cancer,Central Nervous System
ACH-001960,4.830356747,6.679339342,CCSW1,Bile Duct Cancer,Bile Duct
ACH-001856,4.760220946,7.070925945,RBE,Bile Duct Cancer,Bile Duct
ACH-000295,4.980482356,7.60659028,EM2,Leukemia,Blood
ACH-001485,4.238022518,6.699884729,CII,Leukemia,Blood
ACH-000292,6.055282436,7.712870868,NCIH841,Lung Cancer,Lung
ACH-000137,4.447579197,7.510408147,8MGBA,Brain Cancer,Central Nervous System
ACH-000308,4.973611276,6.398658196,EFO21,Ovarian Cancer,Ovary
ACH-000445,5.545968369,8.04072808,KNS60,Brain Cancer,Central Nervous System
ACH-001229,3.89917563,6.099926351,UPCISCC154,Head and Neck Cancer,Upper Aerodigestive
ACH-000144,5.621172753,7.499128346,RERFGC1B,Gastric Cancer,Gastric
ACH-000837,5.723558561,7.652343079,NCIH322,Lung Cancer,Lung
ACH-000048,6.140369671,7.511041012,TOV112D,Ovarian Cancer,Ovary
ACH-000463,5.840714991,7.846994687,NCIH460,Lung Cancer,Lung
ACH-000881,5.081936082,7.579768477,MELJUSO,Skin Cancer,Skin
ACH-000388,3.925999419,6.840085516,NUDHL1,Lymphoma,Lymphocyte
ACH-000147,4.375039431,7.262940477,T47D,Breast Cancer,Breast
ACH-000930,5.622637567,7.584962501,HCC1569,Breast Cancer,Breast
ACH-000899,5.492814573,7.023920649,WM88,Skin Cancer,Skin
ACH-000366,5.457134594,8.827946017,SKNDZ,Neuroblastoma,Peripheral Nervous System
ACH-001526,5.102658131,6.220716892,HUO9,Bone Cancer,Bone
ACH-000064,4.313971371,7.133193599,SALE,Engineered,Engineered Lung
ACH-001329,5.068670811,6.066950244,ANGMCSS,Brain Cancer,Central Nervous System
ACH-000418,5.419201774,7.336818943,SW1353,Bone Cancer,Bone
ACH-001280,4.858975614,6.454011343,SCS214,Sarcoma,Soft Tissue
ACH-000861,6.012568674,7.600433308,HOP62,Lung Cancer,Lung
ACH-000692,4.971313624,6.884964165,SNU899,Head and Neck Cancer,Upper Aerodigestive
ACH-000107,5.590063019,7.842790314,CAPAN2,Pancreatic Cancer,Pancreas
ACH-000133,4.948133578,8.048486874,HS729,Fibroblast,Fibroblast
ACH-000306,3.203201156,6.615151418,HS688AT,Fibroblast,Fibroblast
ACH-001530,5.050936965,7.113742166,JEG3,Endometrial/Uterine Cancer,Uterus
ACH-000651,5.375734539,7.924634382,SW620,Colon/Colorectal Cancer,Colorectal
ACH-000563,5.85847839,7.454504938,EBC1,Lung Cancer,Lung
ACH-000058,4.699884729,7.257010618,ML1,Thyroid Cancer,Thyroid
ACH-000345,5.216454865,7.571297583,KPNRTBM1,Neuroblastoma,Peripheral Nervous System
ACH-000316,5.904965719,7.403182494,SNU886,Liver Cancer,Liver
ACH-000884,5.783194703,7.472893878,MDAMB435S,Skin Cancer,Skin
ACH-000289,4.214124805,6.397460726,SNU466,Brain Cancer,Central Nervous System
ACH-001451,4.458775699,5.951168129,BOKU,Cervical Cancer,Cervix
ACH-000355,5.922197848,7.241077458,NCIH82,Lung Cancer,Lung
ACH-000962,5.269407241,7.199868617,OC314,Ovarian Cancer,Ovary
ACH-000473,5.167518504,7.589613698,RT112,Bladder Cancer,Urinary Tract
ACH-000192,5.748461233,6.852997588,MFE280,Endometrial/Uterine Cancer,Uterus
ACH-001624,3.849999259,6.281141834,ONDA9,Brain Cancer,Central Nervous System
ACH-001807,3.498250868,6.272956308,LPS067,Liposarcoma,Soft Tissue
ACH-002466,4.46662712,8.011395001,RPE1SS111,Engineered,Engineered
ACH-001344,2.799087306,5.963936452,GIMEN,Neuroblastoma,Peripheral Nervous System
ACH-000757,5.475733431,7.449973986,A427,Lung Cancer,Lung
ACH-000054,5.641256999,8.202662591,HT1080,Sarcoma,Soft Tissue
ACH-001318,5.608809243,6.923386916,PLCPRF5,Liver Cancer,Liver
ACH-000601,5.388878339,6.733761058,MIAPACA2,Pancreatic Cancer,Pancreas
ACH-000635,6.021479727,5.968090752,SNU119,Ovarian Cancer,Ovary
ACH-001857,3.826802684,6.324450605,SG231,Bile Duct Cancer,Bile Duct
ACH-000966,5.157447996,7.374343989,IGROV1,Ovarian Cancer,Ovary
ACH-000630,4.432291338,7.457298789,YD8,Head and Neck Cancer,Upper Aerodigestive
ACH-000225,5.085339669,7.076494963,ECC12,Gastric Cancer,Gastric
ACH-000657,5.752748591,7.449478838,A2780,Ovarian Cancer,Ovary
ACH-000624,4.936402378,7.042534906,HCC1806,Breast Cancer,Breast
ACH-000699,4.375039431,8.407012774,HCC1395,Breast Cancer,Breast
ACH-000923,5.810443104,7.66853047,BCP1,Lymphoma,Lymphocyte
ACH-000687,6.211790976,8.136017028,CI1,Lymphoma,Lymphocyte
ACH-000044,4.716442237,8.112700133,MDAMB134VI,Breast Cancer,Breast
ACH-000740,5.488322191,7.663558104,A253,Head and Neck Cancer,Upper Aerodigestive
ACH-000447,4.83541884,7.454258161,NCIH2228,Lung Cancer,Lung
ACH-001416,5.284292026,6.987093437,UMUC9,Bladder Cancer,Urinary Tract
ACH-000319,5.755688777,8.181152257,MPP89,Lung Cancer,Lung
ACH-000198,4.693208149,8.140062856,EOL1,Leukemia,Blood
ACH-000280,5.760220946,7.482525641,SNU840,Ovarian Cancer,Ovary
ACH-000104,6.926829678,8.292137545,LOUCY,Leukemia,Blood
ACH-001835,3.35473424,6.604071324,ICC106,Bile Duct Cancer,Bile Duct
ACH-000892,4.571069998,7.212569339,NCIH1563,Lung Cancer,Lung
ACH-000493,5.576219781,8.230981112,SNU423,Liver Cancer,Liver
ACH-000042,5.490890979,6.021479727,PANC0203,Pancreatic Cancer,Pancreas
ACH-002045,5.756756451,7.515542158,HO1U1,Head and Neck Cancer,Upper Aerodigestive
ACH-000221,5.497293009,8.376863374,SNU398,Liver Cancer,Liver
ACH-000093,5.253611152,7.515699838,PANC0504,Pancreatic Cancer,Pancreas
ACH-000477,5.309976492,6.489286023,MALME3M,Skin Cancer,Skin
ACH-000746,4.934044647,7.713008392,GSS,Gastric Cancer,Gastric
ACH-000356,5.704318678,7.680957226,MKN45,Gastric Cancer,Gastric
ACH-000457,3.733354341,6.348374075,CAL54,Kidney Cancer,Kidney
ACH-000904,5.201633861,7.6807463,NCIH2106,Lung Cancer,Lung
ACH-000244,4.405311683,6.354557947,DKMG,Brain Cancer,Central Nervous System
ACH-000610,5.395405605,7.401988775,NCIH2227,Lung Cancer,Lung
ACH-000081,6.033423002,7.383963436,GDM1,Leukemia,Blood
ACH-000255,5.994127114,8.683906949,LMSU,Gastric Cancer,Gastric
ACH-001038,5.711770204,7.114158769,COGE352,Bone Cancer,Bone
ACH-000352,5.355086762,7.667395439,HCC1428,Breast Cancer,Breast
ACH-002016,5.288358562,6.938991439,MEL290,Eye Cancer,Eye
ACH-000416,6.029673735,7.391887985,NCIH838,Lung Cancer,Lung
ACH-000752,6.12722055,8.139602511,NCIH196,Lung Cancer,Lung
ACH-000862,4.652486495,6.500005292,KMBC2,Bladder Cancer,Urinary Tract
ACH-000236,5.924099886,7.765004246,SW1417,Colon/Colorectal Cancer,Colorectal
ACH-000401,5.615887074,6.932510053,COLO800,Skin Cancer,Skin
ACH-000731,4.894332742,7.157751137,HCC2279,Lung Cancer,Lung
ACH-000875,5.712320641,7.776235615,NCIH2347,Lung Cancer,Lung
ACH-000626,6.720688885,7.422737587,U266B1,Myeloma,Plasma Cell
ACH-000593,5.035183997,7.709979832,BC3C,Bladder Cancer,Urinary Tract
ACH-000182,5.068670811,6.939226578,SNU869,Bile Duct Cancer,Bile Duct
ACH-000442,5.178316272,8.142158125,RERFLCSQ1,Lung Cancer,Lung
ACH-000159,5.071247819,7.311884519,OSRC2,Kidney Cancer,Kidney
ACH-000907,4.766065051,7.02469644,SNU349,Kidney Cancer,Kidney
ACH-000191,3.642701572,7.126601235,BHT101,Thyroid Cancer,Thyroid
ACH-000205,5.061776198,5.986183363,PK59,Pancreatic Cancer,Pancreas
ACH-000103,4.743084056,5.714245518,CAOV4,Ovarian Cancer,Ovary
ACH-000739,4.61999983,7.042972583,HEPG2,Liver Cancer,Liver
ACH-001558,4.973611276,7.233811384,MERO48A,Lung Cancer,Lung
ACH-000206,5.388189537,7.750673493,C8166,Lymphoma,Lymphocyte
ACH-000841,5.953032377,8.683731539,NCIH2087,Lung Cancer,Lung
ACH-000615,5.192194165,7.008204497,SKMEL28,Skin Cancer,Skin
ACH-001613,4.846493316,6.879215637,OCIAML4,Leukemia,Blood
ACH-001608,5.814294058,7.13422094,NP2,Brain Cancer,Central Nervous System
ACH-000801,5.470536865,7.792009369,HS936T,Skin Cancer,Skin
ACH-000539,4.903520374,7.46376957,HS618T,Fibroblast,Fibroblast
ACH-000464,4.708739041,6.524502537,CAS1,Brain Cancer,Central Nervous System
ACH-000622,6.173727099,7.239264368,KNS42,Brain Cancer,Central Nervous System
ACH-000452,4.932155684,6.853746197,TE8,Esophageal Cancer,Esophagus
ACH-001390,3.758089934,5.710393192,SUM149PT,Breast Cancer,Breast
ACH-001401,5.621172753,7.166313748,SW13,Adrenal Cancer,Adrenal Cortex
ACH-000365,5.523561956,7.001014038,SUDHL4,Lymphoma,Lymphocyte
ACH-001431,5.307428525,6.930973826,TC205,Bone Cancer,Bone
ACH-000475,4.694880193,6.933690655,HUH1,Liver Cancer,Liver
ACH-000860,5.979339446,7.1958397,NCIH358,Lung Cancer,Lung
ACH-000074,5.672142433,7.031329024,KU812,Leukemia,Blood
ACH-000377,5.283551423,8.091646948,SNU478,Bile Duct Cancer,Bile Duct
ACH-001562,3.875780063,7.048541366,MERO95,Lung Cancer,Lung
ACH-002475,6.078097423,7.933454612,HAP1,Engineered,Engineered Blood
ACH-000259,3.883620816,7.392660881,KELLY,Neuroblastoma,Peripheral Nervous System
ACH-001388,0.137503524,2.841973119,SUM102PT,Breast Cancer,Breast
ACH-001410,5.537917249,6.992315252,UMUC4,Bladder Cancer,Urinary Tract
ACH-002025,4.478324711,6.664198369,TT1TKB,Colon/Colorectal Cancer,Colorectal
ACH-000720,3.589763487,7.44625623,TCCSUP,Bladder Cancer,Urinary Tract
ACH-000095,5.067380578,7.083638879,D341,Brain Cancer,Central Nervous System
ACH-001345,5.050501697,7.455984709,GP5D,Colon/Colorectal Cancer,Colorectal
ACH-000558,6.172327492,6.913727173,A172,Brain Cancer,Central Nervous System
ACH-000664,5.487357715,6.989366114,SUDHL1,Lymphoma,Lymphocyte
ACH-000177,6.053980168,7.828136484,NCIH660,Prostate Cancer,Prostate
ACH-000335,5.85623876,7.83307983,MSTO211H,Lung Cancer,Lung
ACH-000940,5.651625784,7.973094623,AN3CA,Endometrial/Uterine Cancer,Uterus
ACH-000631,5.771885579,8.016975386,KS1,Brain Cancer,Central Nervous System
ACH-000207,5.363871925,6.715069679,DETROIT562,Head and Neck Cancer,Upper Aerodigestive
ACH-000764,5.455491621,7.470292816,SH10TC,Gastric Cancer,Gastric
ACH-000995,5.78633498,7.763145958,JURKAT,Leukemia,Blood
ACH-000373,5.302319051,7.524345816,SKM1,Leukemia,Blood
ACH-000953,6.730232357,8.448653214,SUPT1,Leukemia,Blood
ACH-000709,4.388189537,6.827056837,KMRC2,Kidney Cancer,Kidney
ACH-000846,5.554588852,7.887281552,FADU,Head and Neck Cancer,Upper Aerodigestive
ACH-001702,5.244506551,6.391114676,VAESBJ,Sarcoma,Soft Tissue
ACH-000333,4.698218478,7.610803395,JHOM2B,Ovarian Cancer,Ovary
ACH-002059,6.619266268,8.95096408,P30OHK,Leukemia,Blood
ACH-000929,4.581953751,7.411680458,NCIH2110,Lung Cancer,Lung
ACH-001395,1.929790998,4.865423978,SUM44PE,Breast Cancer,Breast
ACH-000948,5.34091827,7.223519087,2313287,Gastric Cancer,Gastric
ACH-002015,4.085764554,7.602884409,MEL285,Eye Cancer,Eye
ACH-000981,6.541483864,8.014690038,DND41,Leukemia,Blood
ACH-000617,5.420886575,6.840463234,OVCAR4,Ovarian Cancer,Ovary
ACH-000311,4.206330648,7.460333021,NCIH2122,Lung Cancer,Lung
ACH-001210,6.146084939,7.705217661,TTC1240,Rhabdoid,Soft Tissue
ACH-001834,5.554895775,8.708187236,ICC10,Bile Duct Cancer,Bile Duct
ACH-000390,5.426264755,7.422569411,LUDLU1,Lung Cancer,Lung
ACH-000468,5.769771739,8.057721023,PK45H,Pancreatic Cancer,Pancreas
ACH-001061,5.785550552,7.174526265,DLD1,Colon/Colorectal Cancer,Colorectal
ACH-000077,6.191207302,8.009548727,MJ,Lymphoma,Lymphocyte
ACH-000456,2.625270489,7.114262901,BCPAP,Thyroid Cancer,Thyroid
ACH-000496,5.845991771,7.499048598,NCIH1792,Lung Cancer,Lung
ACH-002512,5.196921734,7.076601849,MM1610113,Skin Cancer,Skin
ACH-000062,5.291677223,7.323099809,RERFLCMS,Lung Cancer,Lung
ACH-002464,4.725195817,7.717196587,RPE1SS6,Engineered,Engineered
ACH-000088,4.745775149,6.620879611,HS172T,Fibroblast,Fibroblast
ACH-000536,5.986183363,6.520579396,BT20,Breast Cancer,Breast
ACH-000071,5.776893569,8.371950846,HS706T,Fibroblast,Fibroblast
ACH-002004,4.596338864,6.114158769,UACC62SKINCJ1,Skin Cancer,Skin
ACH-000878,6.53496425,8.324270572,HCC15,Lung Cancer,Lung
ACH-001380,4.011674533,6.406502657,PACADD165,Pancreatic Cancer,Pancreas
ACH-000385,5.114367025,7.27668276,SKRC20,Kidney Cancer,Kidney
ACH-000412,5.117695043,6.746850183,SNU1197,Colon/Colorectal Cancer,Colorectal
ACH-000427,5.48123435,7.321747747,NCIN87,Gastric Cancer,Gastric
ACH-000938,6.533251852,8.06010144,NALM6,Leukemia,Blood
ACH-000462,5.860217925,8.12763328,NALM1,Leukemia,Blood
ACH-000939,6.337889456,8.239884892,SKUT1,Sarcoma,Soft Tissue
ACH-000325,4.286141873,6.795585145,SNU620,Gastric Cancer,Gastric
ACH-000515,5.514753498,8.002815016,HCC33,Lung Cancer,Lung
ACH-001033,6.538538164,7.433376793,CHLA57,Bone Cancer,Bone
ACH-000919,5.159871337,7.627096085,IM95,Gastric Cancer,Gastric
ACH-000863,4.630521963,6.905808168,DBTRG05MG,Brain Cancer,Central Nervous System
ACH-000642,4.388189537,7.408626954,HMEL,Engineered,Engineered Breast
ACH-000581,4.49057013,7.110405007,SNU16,Gastric Cancer,Gastric
ACH-001050,5.553053253,7.782343034,CW9019,Sarcoma,Soft Tissue
ACH-001818,1.344828497,5.600210274,C396,Bone Cancer,Bone
ACH-001384,4.021479727,7.046141782,RO82W1,Thyroid Cancer,Thyroid
ACH-000797,3.9202933,7.3323499,HLFA,Fibroblast,Fibroblast
ACH-000220,6.854619084,7.960465374,MINO,Lymphoma,Lymphocyte
ACH-000827,5.712045449,7.549284113,WM793,Skin Cancer,Skin
ACH-000961,5.050066298,7.21451341,ISHIKAWAHERAKLIO02ER,Endometrial/Uterine Cancer,Uterus
ACH-000778,5.678353654,8.186213305,HSC3,Head and Neck Cancer,Upper Aerodigestive
ACH-000825,5.011674533,6.925168681,HOP92,Lung Cancer,Lung
ACH-000743,5.504302583,8.006241913,CORL95,Lung Cancer,Lung
ACH-000190,6.080870812,7.484621527,HDMYZ,Lymphoma,Lymphocyte
ACH-001819,4.882153917,7.234386354,MFM223,Breast Cancer,Breast
ACH-000157,6.24830712,6.785288981,A4FUK,Lymphoma,Lymphocyte
ACH-001786,4.062639828,6.636479619,SNU1544,Colon/Colorectal Cancer,Colorectal
ACH-000253,5.321928095,8.013015536,COLO201,Colon/Colorectal Cancer,Colorectal
ACH-001376,3.012568674,5.122672719,PACADD135,Pancreatic Cancer,Pancreas
ACH-000958,5.160274831,7.300215263,SW48,Colon/Colorectal Cancer,Colorectal
ACH-000228,4.408711861,6.689299161,BICR31,Head and Neck Cancer,Upper Aerodigestive
ACH-000266,4.741466986,7.265099288,SNU213,Pancreatic Cancer,Pancreas
ACH-001750,5.423578171,7.400367146,TTC442,Sarcoma,Soft Tissue
ACH-000174,5.869624686,8.146237715,CAL62,Thyroid Cancer,Thyroid
ACH-000245,5.589763487,7.972290573,BL41,Lymphoma,Lymphocyte
ACH-001279,4.477029653,6.727512087,SCCOHT1,Ovarian Cancer,Ovary
ACH-000620,5.274261661,6.905326829,JHH1,Liver Cancer,Liver
ACH-000813,5.373996142,7.813652946,T3M10,Lung Cancer,Lung
ACH-001513,3.47118746,7.011786331,HCA1,Cervical Cancer,Cervix
ACH-000168,4.609991295,7.231701199,NOMO1,Leukemia,Blood
ACH-000257,5.882153917,7.155526627,CORL279,Lung Cancer,Lung
ACH-000211,6.673839056,7.871474058,DAOY,Brain Cancer,Central Nervous System
ACH-000283,5.970623614,8.167669028,A1207,Brain Cancer,Central Nervous System
ACH-002041,3.23572706,6.506684448,HOTHC,Thyroid Cancer,Thyroid
ACH-000987,5.780835002,7.579617646,MEWO,Skin Cancer,Skin
ACH-000682,4.544732656,6.453517579,SNU1066,Head and Neck Cancer,Upper Aerodigestive
ACH-000073,6.137093609,7.540089282,GRANTA519,Lymphoma,Lymphocyte
ACH-000212,5.446587085,6.594399256,CAL120,Breast Cancer,Breast
ACH-000096,6.679761574,7.510249887,G401,Rhabdoid,Kidney
ACH-001433,4.234961095,6.444766441,CCLFPEDS0008T,Sarcoma,Soft Tissue
ACH-000063,3.764473551,7.271556403,HS616T,Fibroblast,Fibroblast
ACH-001999,3.203201156,6.484782623,9505BIK,Pancreatic Cancer,Pancreas
ACH-000776,4.422233001,6.889838551,ONS76,Brain Cancer,Central Nervous System
ACH-000521,6.395234212,7.626731151,NCIH2030,Lung Cancer,Lung
ACH-000025,5.487679279,7.897240426,CH157MN,Brain Cancer,Central Nervous System
ACH-000591,5.186659017,7.359573879,LN235,Brain Cancer,Central Nervous System
ACH-001716,5.329841177,7.870303065,GOTO,Neuroblastoma,Peripheral Nervous System
ACH-000833,5.48058827,6.330379128,RH30,Sarcoma,Soft Tissue
ACH-001628,6.02657877,6.880807948,PEA1,Ovarian Cancer,Ovary
ACH-000398,5.46139759,7.866104334,RI1,Lymphoma,Lymphocyte
ACH-000274,5.380937195,7.512542955,HS852T,Skin Cancer,Skin
ACH-001370,4.651338766,4.571069998,OCIP5X,Ovarian Cancer,Ovary
ACH-000029,6.156032499,6.732540561,HCC827GR5,Lung Cancer,Lung
ACH-001849,2.855989697,6.09592442,ICC9,Bile Duct Cancer,Bile Duct
ACH-000644,3.980939266,6.181500152,COLO829,Skin Cancer,Skin
ACH-001422,2.12763328,6.045268215,WPE1NA22,Prostate Cancer,Prostate
ACH-000588,5.13627343,8.269734494,KMS26,Myeloma,Plasma Cell
ACH-000849,5.686220365,7.567271631,MDAMB468,Breast Cancer,Breast
ACH-000219,5.056583528,7.997687581,A375,Skin Cancer,Skin
ACH-000150,4.927896454,7.051807107,HCC2935,Lung Cancer,Lung
ACH-001845,3.922197848,6.209258394,ICC5,Bile Duct Cancer,Bile Duct
ACH-000384,5.432959407,6.638942669,SW780,Bladder Cancer,Urinary Tract
ACH-001053,4.608217853,6.718498628,D425,Brain Cancer,Central Nervous System
ACH-001274,5.509062386,7.555432735,SW982,Sarcoma,Soft Tissue
ACH-000091,4.754887502,7.400879436,OV56,Ovarian Cancer,Ovary
ACH-001634,4.970393538,6.003602237,PGA1,Leukemia,Blood
ACH-000495,4.47118746,6.657354182,TUHR4TKB,Kidney Cancer,Kidney
ACH-000911,6.458283564,7.381023747,NUGC3,Gastric Cancer,Gastric
ACH-000013,5.039138394,6.455162801,ONCODG1,Ovarian Cancer,Ovary
ACH-000777,3.448900951,6.430452552,KYSE30,Esophageal Cancer,Esophagus
ACH-001765,5.940401698,7.045049741,RH4,Sarcoma,Soft Tissue
ACH-000312,5.412104045,7.824386003,SKNBE2,Neuroblastoma,Peripheral Nervous System
ACH-000085,4.916476644,7.175624397,T3M4,Pancreatic Cancer,Pancreas
ACH-000436,4.895302621,6.544114402,OCIMY7,Myeloma,Plasma Cell
ACH-000869,5.092968509,7.472244052,NCIH1568,Lung Cancer,Lung
ACH-000267,5.786073552,7.53714073,HDLM2,Lymphoma,Lymphocyte
ACH-000489,4.155425432,6.343052435,SW1116,Colon/Colorectal Cancer,Colorectal
ACH-000431,6.350143602,6.832257114,NCIH1694,Lung Cancer,Lung
ACH-000152,5.289834465,7.769573408,M059K,Brain Cancer,Central Nervous System
ACH-000909,6.252476214,8.26190686,JHUEM2,Endometrial/Uterine Cancer,Uterus
ACH-000534,5.226893814,7.07264178,WSUDLCL2,Lymphoma,Lymphocyte
ACH-000582,5.366322214,6.466137656,COLO741,Skin Cancer,Skin
ACH-000460,5.321567376,6.730368236,SNU8,Ovarian Cancer,Ovary
ACH-000443,4.705977902,5.686780635,OVKATE,Ovarian Cancer,Ovary
ACH-001570,4.661635602,6.670160514,MM426,Skin Cancer,Skin
ACH-000986,5.5055734,7.544191698,HT115,Colon/Colorectal Cancer,Colorectal
ACH-001335,4.935459748,6.930619079,C4II,Cervical Cancer,Cervix
ACH-000023,6.399854674,8.538499364,PATU8988T,Pancreatic Cancer,Pancreas
ACH-002062,5.68116812,7.746783017,SLVL,Lymphoma,Lymphocyte
ACH-002462,5.28503225,8.210963506,RPE1SS48,Engineered,Engineered
ACH-000151,6.847495884,8.3652726,JM1,Leukemia,Blood
ACH-001277,5.097189387,7.124638314,YAMATO,Sarcoma,Soft Tissue
ACH-000607,5.211401637,7.396176618,KYM1,Rhabdoid,Soft Tissue
ACH-000703,6.458939707,7.714520291,DMS79,Lung Cancer,Lung
ACH-001211,6.067810784,7.737686761,TTC549,Rhabdoid,Soft Tissue
ACH-001511,3.727920455,6.221297103,H413,Head and Neck Cancer,Upper Aerodigestive
ACH-000113,5.343407822,7.452117664,OCIAML2,Leukemia,Blood
ACH-000337,5.477677328,7.031990609,NCIH3122,Lung Cancer,Lung
ACH-000598,4.934988202,6.478324711,KMS21BM,Myeloma,Plasma Cell
ACH-000057,6.671717965,7.478081977,OPM1,Myeloma,Plasma Cell
ACH-000281,5.157852169,7.449561375,KP2,Pancreatic Cancer,Pancreas
ACH-000321,4.587964989,7.001914808,MOLM6,Leukemia,Blood
ACH-000985,5.218393711,7.871165994,LS411N,Colon/Colorectal Cancer,Colorectal
ACH-000444,6.055282436,8.351071735,LU99,Lung Cancer,Lung
ACH-000347,5.567727963,8.264348763,QGP1,Pancreatic Cancer,Pancreas
ACH-001399,5.723012396,7.142311318,SW626,Colon/Colorectal Cancer,Colorectal
ACH-001097,4.156234798,5.907131025,KARPAS384,Lymphoma,Lymphocyte
ACH-000127,5.606738317,7.848122135,SLR20,Kidney Cancer,Kidney
ACH-001961,3.874796966,6.733083132,GB2,Gallbladder Cancer,Bile Duct
ACH-001796,4.335569006,7.542490224,95T1000,Liposarcoma,Soft Tissue
ACH-000307,5.363171077,6.975217457,PK1,Pancreatic Cancer,Pancreas
ACH-001030,5.561020578,6.751142325,CHLA218,Bone Cancer,Bone
ACH-000595,6.095713484,7.613310635,LN229,Brain Cancer,Central Nervous System
ACH-001540,1.819668183,5.205157884,KMLS1,Liposarcoma,Soft Tissue
ACH-000298,5.990274183,7.582480735,NCIH2029,Lung Cancer,Lung
ACH-000771,1.952333566,5.09592442,BICR56,Head and Neck Cancer,Upper Aerodigestive
ACH-000500,5.746312766,7.618312081,SNU46,Head and Neck Cancer,Upper Aerodigestive
ACH-000353,4.997744026,6.998195503,TE15,Esophageal Cancer,Esophagus
ACH-000363,5.771885579,7.12649799,SKMM2,Myeloma,Plasma Cell
ACH-000350,4.356848079,7.290479698,COLO678,Colon/Colorectal Cancer,Colorectal
ACH-000053,5.836176625,7.173727099,KARPAS299,Lymphoma,Lymphocyte
ACH-001543,3.626439137,6.022145843,KOSC2CL343,Head and Neck Cancer,Upper Aerodigestive
ACH-000246,4.915520901,7.143944366,SLR23,Kidney Cancer,Kidney
ACH-000663,5.357552005,7.081936082,OVTOKO,Ovarian Cancer,Ovary
ACH-000346,4.675815931,7.187154091,JVM3,Leukemia,Blood
ACH-001741,5.504620392,6.629065137,RMS13,Sarcoma,Soft Tissue
ACH-000970,5.904965719,7.360803199,SNUC5,Colon/Colorectal Cancer,Colorectal
ACH-001333,5.894090171,6.531693361,C33A,Cervical Cancer,Cervix
ACH-000794,2.763411574,5.652199648,BICR22,Head and Neck Cancer,Upper Aerodigestive
ACH-000039,5.907852072,6.674121633,SKNMC,Bone Cancer,Bone
ACH-000471,4.987320866,7.543341212,LI7,Liver Cancer,Liver
ACH-000850,3.688180359,7.357376055,HS698T,Fibroblast,Fibroblast
ACH-000291,4.638073837,6.622051819,OV90,Ovarian Cancer,Ovary
ACH-001453,4.682573297,6.840966704,BPH1,Prostate Cancer,Prostate
ACH-001458,3.764473551,6.191799501,C75,Colon/Colorectal Cancer,Colorectal
ACH-000886,6.577126661,7.851811494,NCIH2009,Lung Cancer,Lung
ACH-000888,5.576219781,7.001802243,NCIH1793,Lung Cancer,Lung
ACH-000659,5.278728213,7.328585177,SCLC21H,Lung Cancer,Lung
ACH-000030,4.929790998,6.148730779,PC14,Lung Cancer,Lung
ACH-001201,4.308885057,6.819284981,SUMB002,Brain Cancer,Central Nervous System
ACH-000271,5.638363506,7.181798281,SUDHL10,Lymphoma,Lymphocyte
ACH-000549,4.453517579,6.346956889,SNU1076,Head and Neck Cancer,Upper Aerodigestive
ACH-001212,4.760753208,7.144964082,TTC642,Rhabdoid,Soft Tissue
ACH-000555,4.722466024,6.683275373,A498,Kidney Cancer,Kidney
ACH-000478,5.718087584,7.856176498,SNU387,Liver Cancer,Liver
ACH-000775,5.591559746,7.536752313,NCIH727,Lung Cancer,Lung
ACH-000038,5.057450272,6.86913112,EHEB,Lymphoma,Lymphocyte
ACH-001109,5.877989585,7.635391641,KPMRTRY,Rhabdoid,Soft Tissue
ACH-001442,5.970163425,6.208088008,A388,Skin Cancer,Epidermoid Carcinoma
ACH-000559,5.896514054,7.927126084,NCIH1836,Lung Cancer,Lung
ACH-000510,6.584812212,6.851998837,NCIH1299,Lung Cancer,Lung
ACH-002065,5.635754391,7.870056418,HSPSS,Sarcoma,Central Nervous System
ACH-000676,5.955591792,6.897119389,LN464,Brain Cancer,Central Nervous System
ACH-000844,4.595145568,8.125051783,DMS454,Lung Cancer,Lung
ACH-000925,5.075104722,7.69432306,DV90,Lung Cancer,Lung
ACH-000272,4.674121633,6.284292026,SLR24,Kidney Cancer,Kidney
ACH-001035,5.676662335,7.071891353,CHLA99,Bone Cancer,Bone
ACH-000513,4.183486514,7.674616009,SNU1272,Kidney Cancer,Kidney
ACH-001059,4.475084883,6.848372559,DL,Rhabdoid,Soft Tissue
ACH-000959,5.531693361,7.467687056,SNUC4,Colon/Colorectal Cancer,Colorectal
ACH-000169,6.341807889,8.171427027,RD,Sarcoma,Soft Tissue
ACH-001402,6.54689446,7.921126849,SW756,Cervical Cancer,Cervix
ACH-000796,5.366322214,8.022589749,MCAS,Ovarian Cancer,Ovary
ACH-000143,5.335211682,7.215096121,HCC2429,Lung Cancer,Lung
ACH-000067,5.544423562,7.145269857,HS683,Brain Cancer,Central Nervous System
ACH-000640,5.029452886,6.206330648,SKMEL31,Skin Cancer,Skin
ACH-001674,4.768713657,7.527711572,TGW,Neuroblastoma,Peripheral Nervous System
ACH-001698,3.832890014,4.839959587,UPCISCC116,Head and Neck Cancer,Upper Aerodigestive
ACH-002002,4.445594291,7.912769606,A375SKINCJ2,Skin Cancer,Skin
ACH-002011,5.578032972,5.978653265,MP46,Eye Cancer,Eye
ACH-000967,5.378511623,7.579994693,SNUC2A,Colon/Colorectal Cancer,Colorectal
ACH-000469,5.059614856,6.613089583,YH13,Brain Cancer,Central Nervous System
ACH-001353,3.596935142,5.865918815,JOPACA1,Pancreatic Cancer,Pancreas
ACH-001574,3.580145484,6.273888824,MOLM14,Leukemia,Blood
ACH-000097,4.730096466,7.028569152,ZR751,Breast Cancer,Breast
ACH-000256,5.113950482,6.099295204,COV318,Ovarian Cancer,Ovary
ACH-000977,4.216454865,6.881786959,LNCAPCLONEFGC,Prostate Cancer,Prostate
ACH-000972,5.030336078,7.345005983,HEC151,Endometrial/Uterine Cancer,Uterus
ACH-001367,5.364222221,7.861707287,NMB,Neuroblastoma,Peripheral Nervous System
ACH-000382,5.945794957,7.724445639,CORL24,Lung Cancer,Lung
ACH-000579,5.720552092,6.739173031,UACC257,Skin Cancer,Skin
ACH-001532,3.852997588,6.408202345,JMURTK2,Rhabdoid,Kidney
ACH-000695,5.529196268,7.209550842,CORL47,Lung Cancer,Lung
ACH-001795,4.788685711,7.534497434,94T778,Liposarcoma,Soft Tissue
ACH-001510,3.129283017,5.17990909,H376,Head and Neck Cancer,Upper Aerodigestive
ACH-000502,4.906890596,7.029784146,TCCPAN2,Pancreatic Cancer,Pancreas
ACH-000183,6.201241771,8.341674481,L363,Myeloma,Plasma Cell
ACH-000408,4.21490191,7.115095685,TE5,Esophageal Cancer,Esophagus
ACH-001496,5.339850003,6.036942845,ESO26,Esophageal Cancer,Esophagus
ACH-000788,5.570159302,7.749400182,A2058,Skin Cancer,Skin
ACH-001622,3.514753498,5.857483428,ONDA7,Brain Cancer,Central Nervous System
ACH-000466,5.005399988,7.053328593,SNU216,Gastric Cancer,Gastric
ACH-001560,3.295723025,6.350320435,MERO83,Lung Cancer,Lung
ACH-000005,7.807097275,7.519714872,HEL9217,Leukemia,Blood
ACH-001687,1.14404637,3.500802053,UMRC3,Kidney Cancer,Kidney
ACH-001151,5.766860144,6.917909074,OVCAR5,Ovarian Cancer,Ovary
ACH-000701,4.698774109,6.274634403,RMUGS,Ovarian Cancer,Ovary
ACH-000542,5.843983844,8.337978629,HEYA8,Ovarian Cancer,Ovary
ACH-000126,4.334139179,7.056475149,KG1C,Brain Cancer,Central Nervous System
ACH-001685,4.930264245,7.174126737,UHO1,Lymphoma,Lymphocyte
ACH-000933,4.107687869,7.193081765,SNU324,Pancreatic Cancer,Pancreas
ACH-000068,4.450881315,7.768647501,REC1,Lymphoma,Lymphocyte
ACH-000015,5.441284272,7.931978467,NCIH1581,Lung Cancer,Lung
ACH-001111,3.941106311,6.761817143,L82,Lymphoma,Lymphocyte
ACH-000487,4.236492618,7.118629666,F36P,Leukemia,Blood
ACH-000122,6.132371199,7.170926525,SUPT11,Leukemia,Blood
ACH-000288,5.61176256,6.80309785,BT549,Breast Cancer,Breast
ACH-001820,6.720552092,7.280306806,COLO824,Breast Cancer,Breast
ACH-000782,6.01658546,8.561287945,SEM,Leukemia,Blood
ACH-001632,4.055716264,4.64731451,PEO4,Ovarian Cancer,Ovary
ACH-000357,5.152183419,8.09085343,JEKO1,Lymphoma,Lymphocyte
ACH-000079,4.331991778,7.501439145,TE125T,Fibroblast,Fibroblast
ACH-001031,5.108942569,7.061668207,CHLA266,Rhabdoid,Soft Tissue
ACH-001048,5.013015536,6.666614587,COV504,Ovarian Cancer,Ovary
ACH-000453,3.678071905,6.278542382,MOLP2,Myeloma,Plasma Cell
ACH-000791,5.926948248,7.732947508,RERFLCAD1,Lung Cancer,Lung
ACH-000567,7.198199455,8.239789444,ST486,Lymphoma,Lymphocyte
ACH-001391,4.794415866,6.63284983,SUM159PT,Breast Cancer,Breast
ACH-001075,4.985044962,7.371123201,NCIH292,Lung Cancer,Lung
ACH-000105,7.188638295,8.2277122,ALLSIL,Leukemia,Blood
ACH-000557,5.253611152,7.331006484,AML193,Leukemia,Blood
ACH-000175,4.464014725,7.038699551,TE159T,Fibroblast,Fibroblast
ACH-001356,5.836176625,8.184329891,MB1,Thyroid Cancer,Thyroid
ACH-001844,4.860962798,5.929790998,ICC4,Bile Duct Cancer,Bile Duct
ACH-001346,4.804776378,6.420718183,H103,Head and Neck Cancer,Upper Aerodigestive
ACH-000885,5.112700133,7.693765712,TOV21G,Ovarian Cancer,Ovary
ACH-000900,6.427941333,7.027242536,NCIH23,Lung Cancer,Lung
ACH-000666,5.576522138,7.46139759,NCIH1355,Lung Cancer,Lung
ACH-000217,4.939226578,8.09934781,JHH6,Liver Cancer,Liver
ACH-000872,4.621172753,7.205353411,HCC515,Lung Cancer,Lung
ACH-001638,2.570462931,6.627898616,RCK8,Lymphoma,Lymphocyte
ACH-001228,5.176721693,6.970853654,UPCISCC152,Head and Neck Cancer,Upper Aerodigestive
ACH-000181,4.75595577,6.530601415,SCC9,Head and Neck Cancer,Upper Aerodigestive
ACH-000115,5.257387843,6.887890772,VCAP,Prostate Cancer,Prostate
ACH-000130,6.402585758,8.895575282,NALM19,Leukemia,Blood
ACH-000121,5.663913842,7.355351096,NCIH2405,Lung Cancer,Lung
ACH-001711,4.843481425,6.835039799,PFSK1,Brain Cancer,Central Nervous System
ACH-000934,4.489286023,7.699884729,MDAMB361,Breast Cancer,Breast
ACH-000996,5.336640446,7.122051448,HEC251,Endometrial/Uterine Cancer,Uterus
ACH-001529,4.564378169,6.365622556,JAR,Endometrial/Uterine Cancer,Uterus
ACH-001743,5.083213368,6.530289278,RC2,Sarcoma,Soft Tissue
ACH-000320,4.808899839,8.254745198,PSN1,Pancreatic Cancer,Pancreas
ACH-000505,6.277798821,8.289696163,RKN,Sarcoma,Soft Tissue
ACH-000781,6.152183419,7.529274368,NCIH2023,Lung Cancer,Lung
ACH-000059,6.764871591,8.269641001,SUPB15,Leukemia,Blood
ACH-000920,4.688180359,8.375300136,CMLT1,Leukemia,Blood
ACH-000294,5.960233672,7.862575371,NB4,Leukemia,Blood
ACH-000422,5.269781238,6.74348804,SNU475,Liver Cancer,Liver
ACH-000200,5.660780334,7.685940148,NMCG1,Brain Cancer,Central Nervous System
ACH-000046,6.089371028,7.507873907,ACHN,Kidney Cancer,Kidney
ACH-000968,4.388189537,6.226893814,COLO792,Skin Cancer,Skin
ACH-000830,5.988684687,9.449024804,NCIH1436,Lung Cancer,Lung
ACH-000114,4.152183419,5.839455765,SU8686,Pancreatic Cancer,Pancreas
ACH-000402,4.740387932,7.958436715,BL70,Lymphoma,Lymphocyte
ACH-000036,4.058316496,7.046141782,U343,Brain Cancer,Central Nervous System
ACH-000973,6.558420713,8.518771163,639V,Bladder Cancer,Urinary Tract
ACH-001128,5.070818638,7.353323291,MON,Rhabdoid,Soft Tissue
ACH-000750,5.86913112,7.795844856,LOXIMVI,Skin Cancer,Skin
ACH-000285,7.443026407,8.252712733,TOLEDO,Lymphoma,Lymphocyte
ACH-001858,4.811984719,7.166715445,SSP25,Bile Duct Cancer,Bile Duct
ACH-001997,4.395748328,6.904604518,ECC2,Bile Duct Cancer,Bile Duct
ACH-000052,5.762880293,7.520186495,A673,Bone Cancer,Bone