DepMap ID,mTOR1_expression,Cell Line Name,Primary Disease,Lineage
ACH-001113,4.430285273,LC1SQSF,Lung Cancer,Lung
ACH-001289,4.432959407,COGAR359,Rhabdoid,Soft Tissue
ACH-001339,4.335569006,COLO794,Skin Cancer,Skin
ACH-001538,3.971773447,KKU213,Bile Duct Cancer,Bile Duct
ACH-000242,4.37086174,RT4,Bladder Cancer,Urinary Tract
ACH-000708,4.480911346,SNU283,Colon/Colorectal Cancer,Colorectal
ACH-000327,4.307428525,NCIH1395,Lung Cancer,Lung
ACH-000233,4.477029653,DEL,Lymphoma,Lymphocyte
ACH-000461,4.307428525,SNU1196,Bile Duct Cancer,Bile Duct
ACH-000705,4.306699707,LC1F,Lung Cancer,Lung
ACH-001794,4.581953751,93T449,Liposarcoma,Soft Tissue
ACH-002023,3.842978832,TGBC18TKB,Colon/Colorectal Cancer,Colorectal
ACH-000528,4.782932705,ABC1,Lung Cancer,Lung
ACH-001655,4.232660757,SKN,Endometrial/Uterine Cancer,Uterus
ACH-000167,5.030336078,KE97,Myeloma,Plasma Cell
ACH-000792,4.486714373,BFTC909,Kidney Cancer,Kidney
ACH-001098,4.247927513,KCIMOH1,Pancreatic Cancer,Pancreas
ACH-000570,4.904484098,YKG1,Brain Cancer,Central Nervous System
ACH-000351,5.21218021,MKN1,Gastric Cancer,Gastric
ACH-000769,4.753818443,LK2,Lung Cancer,Lung
ACH-000154,4.735522177,HS888T,Fibroblast,Fibroblast
ACH-000828,3.697106574,ZR7530,Breast Cancer,Breast
ACH-000421,5.647026633,SW837,Colon/Colorectal Cancer,Colorectal
ACH-000765,5.418527302,WM983B,Skin Cancer,Skin
ACH-001375,4.555816155,PACADD119,Pancreatic Cancer,Pancreas
ACH-000008,5.350850805,A101D,Skin Cancer,Skin
ACH-001814,3.961623328,OS252,Bone Cancer,Bone
ACH-000800,5.617944917,NCIH446,Lung Cancer,Lung
ACH-000606,4.372952098,PECAPJ34CLONEC12,Head and Neck Cancer,Upper Aerodigestive
ACH-000317,3.528571319,TUHR14TKB,Kidney Cancer,Kidney
ACH-000123,4.628773595,COV434,Ovarian Cancer,Ovary
ACH-000723,4.257010618,YD10B,Head and Neck Cancer,Upper Aerodigestive
ACH-002066,5.348374075,HSSCH2,Sarcoma,Central Nervous System
ACH-001536,3.590961241,KKU100,Bile Duct Cancer,Bile Duct
ACH-000313,3.488000771,KMRC3,Kidney Cancer,Kidney
ACH-002019,4.260778432,HOKUG,Cervical Cancer,Cervix
ACH-000728,5.456149035,KASUMI2,Leukemia,Blood
ACH-000700,4.336997417,NCIH2882,Lung Cancer,Lung
ACH-000823,4.778208576,KYSE140,Esophageal Cancer,Esophagus
ACH-000678,4.820689561,MKN7,Gastric Cancer,Gastric
ACH-000006,5.420212891,MONOMAC6,Leukemia,Blood
ACH-002029,3.533563348,SAS,Head and Neck Cancer,Upper Aerodigestive
ACH-001377,3.386810946,PACADD137,Pancreatic Cancer,Pancreas
ACH-000754,5.061776198,L428,Lymphoma,Lymphocyte
ACH-000465,5.072963272,SKMEL1,Skin Cancer,Skin
ACH-000138,4.477677328,CFPAC1,Pancreatic Cancer,Pancreas
ACH-001864,4.663913842,YSCCC,Bile Duct Cancer,Bile Duct
ACH-000383,3.980939266,OE33,Esophageal Cancer,Esophagus
ACH-000917,4.516645558,TE4,Esophageal Cancer,Esophagus
ACH-000984,5.465648026,HEC6,Endometrial/Uterine Cancer,Uterus
ACH-001409,4.645009884,UMUC16,Bladder Cancer,Urinary Tract
ACH-000117,4.395748328,EFM192A,Breast Cancer,Breast
ACH-000999,5.131754091,SNU1040,Colon/Colorectal Cancer,Colorectal
ACH-000633,6.427606173,FU97,Gastric Cancer,Gastric
ACH-000520,4.645009884,59M,Ovarian Cancer,Ovary
ACH-000176,4.837943242,LOUNH91,Lung Cancer,Lung
ACH-000017,4.373648211,SKBR3,Breast Cancer,Breast
ACH-002022,4.20867332,PMFKO14,Colon/Colorectal Cancer,Colorectal
ACH-000020,5.121015401,MHHCALL2,Leukemia,Blood
ACH-001385,4.318316841,RPMI2650,Head and Neck Cancer,Upper Aerodigestive
ACH-000587,4.452200049,NCIH1975,Lung Cancer,Lung
ACH-000785,5.132576843,NCIH2126,Lung Cancer,Lung
ACH-000554,4.355439197,UACC893,Breast Cancer,Breast
ACH-001398,4.065227623,SW156,Kidney Cancer,Kidney
ACH-001991,5.023698917,NZOV9,Ovarian Cancer,Ovary
ACH-001709,4.592158002,WSUNHL,Lymphoma,Lymphocyte
ACH-001332,3.841973119,BICR78,Head and Neck Cancer,Upper Aerodigestive
ACH-000585,4.508428653,EPLC272H,Lung Cancer,Lung
ACH-000550,4.762880293,IGR39,Skin Cancer,Skin
ACH-000627,4.733896605,LCLC103H,Lung Cancer,Lung
ACH-000704,4.423578171,OAW42,Ovarian Cancer,Ovary
ACH-000276,4.815575429,HCC38,Breast Cancer,Breast
ACH-000075,4.925049965,U87MG,Brain Cancer,Central Nervous System
ACH-000818,4.309612772,BT483,Breast Cancer,Breast
ACH-001616,4.09000653,OCILY18,Lymphoma,Lymphocyte
ACH-000625,5.414473836,HEP3B217,Liver Cancer,Liver
ACH-000941,4.927422429,HEC1B,Endometrial/Uterine Cancer,Uterus
ACH-000392,3.883620816,CALU3,Lung Cancer,Lung
ACH-000269,4.60940039,AM38,Brain Cancer,Central Nervous System
ACH-001670,4.871843649,TASK1,Brain Cancer,Peripheral Nervous System
ACH-000856,5.440952198,CAL51,Breast Cancer,Breast
ACH-001119,3.9202933,MAC2A,Lymphoma,Lymphocyte
ACH-000376,4.966245873,SF295,Brain Cancer,Central Nervous System
ACH-000685,4.537296067,L33,Pancreatic Cancer,Pancreas
ACH-000729,5.851499202,NCIH1963,Lung Cancer,Lung
ACH-001034,4.337711092,CHLA9,Bone Cancer,Bone
ACH-001283,3.980939266,TC106,Bone Cancer,Bone
ACH-000880,5.194559886,AGS,Gastric Cancer,Gastric
ACH-000035,5.341274184,NCIH1650,Lung Cancer,Lung
ACH-001200,4.824258697,STM9101,Rhabdoid,Soft Tissue
ACH-000194,4.362469889,HS934T,Fibroblast,Fibroblast
ACH-000322,4.637494325,HT144,Skin Cancer,Skin
ACH-000552,4.816087659,HT29,Colon/Colorectal Cancer,Colorectal
ACH-002508,4.346956889,WM3211,Skin Cancer,Skin
ACH-000222,4.142413438,ASPC1,Pancreatic Cancer,Pancreas
ACH-000260,5.063934306,SKNAS,Neuroblastoma,Peripheral Nervous System
ACH-001652,4.155425432,SKGII,Endometrial/Uterine Cancer,Uterus
ACH-000608,4.217230716,COV644,Ovarian Cancer,Ovary
ACH-000501,4.152994605,LS123,Colon/Colorectal Cancer,Colorectal
ACH-000612,4.418864577,HUT102,Lymphoma,Lymphocyte
ACH-001184,3.973611276,SCMCRM2,Sarcoma,Soft Tissue
ACH-001688,3.360364277,UMRC7,Kidney Cancer,Kidney
ACH-001838,3.722466024,ICC12,Bile Duct Cancer,Bile Duct
ACH-000638,4.326968712,NCIH441,Lung Cancer,Lung
ACH-001846,3.323370069,ICC6,Bile Duct Cancer,Bile Duct
ACH-000798,4.17951105,CL40,Colon/Colorectal Cancer,Colorectal
ACH-001321,4.97819563,TT,Thyroid Cancer,Thyroid
ACH-000894,3.955126781,NCIH1869,Lung Cancer,Lung
ACH-001559,4.605257263,MERO82,Lung Cancer,Lung
ACH-000344,4.544732656,SNU668,Gastric Cancer,Gastric
ACH-000223,4.869377924,HCC1937,Breast Cancer,Breast
ACH-000031,5.607034346,PANC0213,Pancreatic Cancer,Pancreas
ACH-000034,3.257010618,PLB985,Leukemia,Blood
ACH-001861,3.911691582,TGBC1TKB,Gallbladder Cancer,Bile Duct
ACH-000772,5.14363831,TE441T,Sarcoma,Soft Tissue
ACH-000946,5.053545818,HEC265,Endometrial/Uterine Cancer,Uterus
ACH-000596,3.937344392,LCLC97TM1,Lung Cancer,Lung
ACH-000632,5.267910281,HS944T,Skin Cancer,Skin
ACH-000978,5.601993581,EN,Endometrial/Uterine Cancer,Uterus
ACH-000332,4.452858965,YAPC,Pancreatic Cancer,Pancreas
ACH-001841,3.883620816,ICC15,Bile Duct Cancer,Bile Duct
ACH-000179,5.926473911,NCIH1618,Lung Cancer,Lung
ACH-000887,4.141596278,SF172,Brain Cancer,Central Nervous System
ACH-000368,5.326609251,SNU1105,Brain Cancer,Central Nervous System
ACH-000240,4.322649262,HS600T,Fibroblast,Fibroblast
ACH-000578,4.572283367,HCC1171,Lung Cancer,Lung
ACH-001611,4.727375939,NP8,Brain Cancer,Central Nervous System
ACH-000135,4.355439197,HS940T,Fibroblast,Fibroblast
ACH-000406,4.937344392,U937,Leukemia,Blood
ACH-001541,4.529196268,KMS28PE,Myeloma,Plasma Cell
ACH-000998,4.829342194,CW2,Colon/Colorectal Cancer,Colorectal
ACH-000441,4.934988202,SH4,Skin Cancer,Skin
ACH-000960,5.425929205,REH,Leukemia,Blood
ACH-000098,4.822220272,GAMG,Brain Cancer,Central Nervous System
ACH-001651,3.655351829,SKGI,Endometrial/Uterine Cancer,Uterus
ACH-001456,3.320484678,C125PM,Colon/Colorectal Cancer,Colorectal
ACH-001336,3.840966704,CASKI,Cervical Cancer,Cervix
ACH-000284,4.724650272,HS840T,Fibroblast,Fibroblast
ACH-000971,5.512858954,HCT116,Colon/Colorectal Cancer,Colorectal
ACH-001454,4.284662185,C10,Colon/Colorectal Cancer,Colorectal
ACH-000926,4.222650022,HT55,Colon/Colorectal Cancer,Colorectal
ACH-000033,5.612647378,NCIH1819,Lung Cancer,Lung
ACH-000576,4.551516018,KMS27,Myeloma,Plasma Cell
ACH-000019,4.5987225,MCF7,Breast Cancer,Breast
ACH-001577,3.343407822,MUTZ8,Leukemia,Blood
ACH-000330,4.462052319,EFM19,Breast Cancer,Breast
ACH-000848,5.569551851,JHH7,Liver Cancer,Liver
ACH-000481,4.765534746,NCIH2170,Lung Cancer,Lung
ACH-001517,4.34269696,HEC1,Endometrial/Uterine Cancer,Uterus
ACH-000338,4.951867504,SR786,Lymphoma,Lymphocyte
ACH-001959,4.412781525,CCLP1,Bile Duct Cancer,Bile Duct
ACH-001414,3.452858965,UMUC6,Bladder Cancer,Urinary Tract
ACH-000871,7.163699987,NCIH510,Lung Cancer,Lung
ACH-001403,4.77925972,TO14,Ovarian Cancer,Ovary
ACH-000805,5.484460413,COLO679,Skin Cancer,Skin
ACH-001142,4.984133595,NHAHTDD,Engineered,Engineered Central Nervous System
ACH-001554,4.202417722,MEL202,Eye Cancer,Eye
ACH-000847,5.017476563,HGC27,Gastric Cancer,Gastric
ACH-001207,4.407352751,TIG3TD,Fibroblast,Fibroblast
ACH-000832,4.863442934,CAL27,Head and Neck Cancer,Upper Aerodigestive
ACH-000428,4.289096702,UO31,Kidney Cancer,Kidney
ACH-001382,3.622930351,PACADD188,Pancreatic Cancer,Pancreas
ACH-001302,3.587364991,COGN305,Neuroblastoma,Peripheral Nervous System
ACH-000690,5.457134594,HCC2814,Lung Cancer,Lung
ACH-001134,3.046141782,MYLA,Lymphoma,Lymphocyte
ACH-000914,5.48703608,HT,Lymphoma,Lymphocyte
ACH-000858,3.5360529,KNS62,Lung Cancer,Lung
ACH-001421,5.21023299,WERIRB1,Eye Cancer,Eye
ACH-000544,3.698218478,OE21,Esophageal Cancer,Esophagus
ACH-000725,4.874305166,HCC202,Breast Cancer,Breast
ACH-000566,4.781884235,SW1710,Bladder Cancer,Urinary Tract
ACH-000760,5.339850003,LNZ308,Brain Cancer,Central Nervous System
ACH-001745,4.266786541,RHJT,Sarcoma,Soft Tissue
ACH-000787,5.071676874,LXF289,Lung Cancer,Lung
ACH-000749,5.160274831,DMS273,Lung Cancer,Lung
ACH-001328,4.362469889,A431,Skin Cancer,Skin
ACH-001068,3.283921772,FEPD,Lymphoma,Lymphocyte
ACH-000358,5.313971371,NCIH69,Lung Cancer,Lung
ACH-001654,4.194559886,SKGT4,Esophageal Cancer,Esophagus
ACH-001521,4.35614381,HKA1,Skin Cancer,Skin
ACH-000209,3.649615459,SNU1079,Bile Duct Cancer,Bile Duct
ACH-001520,3.493134922,HG3,Leukemia,Blood
ACH-000213,4.107687869,HUPT4,Pancreatic Cancer,Pancreas
ACH-001610,4.685940148,NP5,Brain Cancer,Central Nervous System
ACH-001408,3.882643049,UMUC14,Bladder Cancer,Urinary Tract
ACH-000991,5.369815424,SNU81,Colon/Colorectal Cancer,Colorectal
ACH-001412,4.580145484,UMUC10,Bladder Cancer,Urinary Tract
ACH-000331,5.066519781,ISTMES2,Lung Cancer,Lung
ACH-001407,4.767125077,UMUC13,Bladder Cancer,Urinary Tract
ACH-000580,5.007644031,C32,Skin Cancer,Skin
ACH-000594,6.117487266,DMS153,Lung Cancer,Lung
ACH-000684,3.532316959,KMRC1,Kidney Cancer,Kidney
ACH-000742,3.911691582,DM3,Fibroblast,Fibroblast
ACH-000868,4.730639956,HCC1195,Lung Cancer,Lung
ACH-000732,3.99004722,PECAPJ41CLONED2,Head and Neck Cancer,Upper Aerodigestive
ACH-000429,2.653060017,A704,Kidney Cancer,Kidney
ACH-000310,4.463360886,IMR32,Neuroblastoma,Peripheral Nervous System
ACH-000643,3.906890596,HDQP1,Breast Cancer,Breast
ACH-000234,4.397118409,CAKI2,Kidney Cancer,Kidney
ACH-001498,4.033863452,FARAGE,Lymphoma,Lymphocyte
ACH-000896,4.578938713,647V,Bladder Cancer,Urinary Tract
ACH-000203,4.307428525,NH6,Neuroblastoma,Peripheral Nervous System
ACH-001607,3.385431037,NOZ,Gallbladder Cancer,Bile Duct
ACH-001441,3.738767837,921,Eye Cancer,Eye
ACH-000112,4.776103988,SIGM5,Leukemia,Blood
ACH-000186,4.468583317,NCIH2444,Lung Cancer,Lung
ACH-000677,4.596935142,SW1573,Lung Cancer,Lung
ACH-000055,5.166313748,D283MED,Brain Cancer,Central Nervous System
ACH-000485,3.965322548,GSU,Gastric Cancer,Gastric
ACH-000672,4.10349764,IALM,Lung Cancer,Lung
ACH-000287,5.236492618,NUDUL1,Lymphoma,Lymphocyte
ACH-000784,4.83491343,KYSE70,Esophageal Cancer,Esophagus
ACH-000530,6.068455852,DMS114,Lung Cancer,Lung
ACH-002024,3.963474124,ECC4,Colon/Colorectal Cancer,Colorectal
ACH-000380,5.34553831,KMS12BM,Myeloma,Plasma Cell
ACH-001737,4.89917563,HSB2,Leukemia,Blood
ACH-001400,1.906890596,SW954,Cervical Cancer,Cervix
ACH-001054,3.837943242,D458,Brain Cancer,Central Nervous System
ACH-000009,5.294988268,C2BBE1,Colon/Colorectal Cancer,Colorectal
ACH-000491,4.79753184,NCIH716,Colon/Colorectal Cancer,Colorectal
ACH-001703,4.844988157,VAL,Lymphoma,Lymphocyte
ACH-000002,4.074676686,HL60,Leukemia,Blood
ACH-001568,3.708187236,MM386,Skin Cancer,Skin
ACH-000993,4.145677455,JHUEM7,Endometrial/Uterine Cancer,Uterus
ACH-001578,5.753551055,NCCIT,Embryonal Cancer,Embryo
ACH-000877,4.86393845,EB1,Lymphoma,Lymphocyte
ACH-000711,4.279471296,JIMT1,Breast Cancer,Breast
ACH-001515,4.644433152,HCS2,Cervical Cancer,Cervix
ACH-000702,5.360715425,L1236,Lymphoma,Lymphocyte
ACH-001020,4.093391153,BT16,Rhabdoid,Soft Tissue
ACH-000600,4.237257771,SLR26,Kidney Cancer,Kidney
ACH-000354,4.512226887,CAPAN1,Pancreatic Cancer,Pancreas
ACH-000012,4.66618849,HCC827,Lung Cancer,Lung
ACH-000689,4.185073638,RH18,Sarcoma,Soft Tissue
ACH-000459,4.635173947,TUHR10TKB,Kidney Cancer,Kidney
ACH-001413,4.625270489,UMUC11,Bladder Cancer,Urinary Tract
ACH-000686,4.974988112,SNU878,Liver Cancer,Liver
ACH-000342,4.570462931,CL14,Colon/Colorectal Cancer,Colorectal
ACH-000208,5.292781749,U178,Brain Cancer,Central Nervous System
ACH-000360,3.702657543,NCIH508,Colon/Colorectal Cancer,Colorectal
ACH-000249,4.777156666,CL11,Colon/Colorectal Cancer,Colorectal
ACH-001368,4.852997588,OACM51,Esophageal Cancer,Esophagus
ACH-000231,5.618238656,KALS1,Brain Cancer,Central Nervous System
ACH-000945,5.352970338,NCIH650,Lung Cancer,Lung
ACH-000662,3.241840184,CORL23,Lung Cancer,Lung
ACH-002458,4.203201156,HT144SKINFV1,Skin Cancer,Skin
ACH-001378,2.516015147,PACADD159,Pancreatic Cancer,Pancreas
ACH-001029,4.754353072,CHLA10,Bone Cancer,Bone
ACH-000248,4.821710215,AU565,Breast Cancer,Breast
ACH-000943,4.253989266,RKO,Colon/Colorectal Cancer,Colorectal
ACH-000751,4.174725988,OCIM1,Leukemia,Blood
ACH-001016,4.326249701,BECKER,Brain Cancer,Central Nervous System
ACH-000282,4.953265239,NCIH1755,Lung Cancer,Lung
ACH-000261,4.605849867,RERFLCAI,Lung Cancer,Lung
ACH-000164,5.299757512,PANC1,Pancreatic Cancer,Pancreas
ACH-001793,4.379898164,LPS27,Liposarcoma,Soft Tissue
ACH-000262,4.121844298,UOK101,Kidney Cancer,Kidney
ACH-000158,4.677508242,OCILY3,Lymphoma,Lymphocyte
ACH-000773,4.637494325,KIJK,Lymphoma,Lymphocyte
ACH-000722,4.614709844,SNUC1,Colon/Colorectal Cancer,Colorectal
ACH-000857,3.700439718,CAL851,Breast Cancer,Breast
ACH-001129,4.678071905,MONOMAC1,Leukemia,Blood
ACH-001619,4.46727948,OCUG1,Gallbladder Cancer,Bile Duct
ACH-000184,4.465321514,HS343T,Fibroblast,Fibroblast
ACH-000329,4.956056652,CCFSTTG1,Brain Cancer,Central Nervous System
ACH-001569,4.708739041,MM415,Skin Cancer,Skin
ACH-000814,5.230356745,HS939T,Skin Cancer,Skin
ACH-000197,4.910252963,TALL1,Leukemia,Blood
ACH-000545,5.355791547,VMCUB1,Bladder Cancer,Urinary Tract
ACH-000949,4.845991771,TGBC11TKB,Gastric Cancer,Gastric
ACH-000124,4.217230716,OCILY19,Lymphoma,Lymphocyte
ACH-000560,4.586164246,ECC10,Gastric Cancer,Gastric
ACH-000897,5.247547807,FTC238,Thyroid Cancer,Thyroid
ACH-001626,4.298658316,OSC20,Head and Neck Cancer,Upper Aerodigestive
ACH-000619,4.390254956,PECAPJ15,Head and Neck Cancer,Upper Aerodigestive
ACH-001973,5.078951341,MM485,Skin Cancer,Skin
ACH-001340,3.450221496,COV413A,Ovarian Cancer,Ovary
ACH-000546,3.673556424,HSC4,Head and Neck Cancer,Upper Aerodigestive
ACH-002018,4.078097423,OMM25,Eye Cancer,Eye
ACH-000153,4.436961338,NCIH2052,Lung Cancer,Lung
ACH-000526,4.023255352,HS821T,Fibroblast,Fibroblast
ACH-000116,4.847996907,OAW28,Ovarian Cancer,Ovary
ACH-000815,5.607034346,KMH2,Lymphoma,Lymphocyte
ACH-001270,4.772413555,127399,Sarcoma,Soft Tissue
ACH-000324,4.863442934,JHOC5,Ovarian Cancer,Ovary
ACH-001561,3.303050085,MERO84,Lung Cancer,Lung
ACH-000842,3.465974465,SW480,Colon/Colorectal Cancer,Colorectal
ACH-000898,4.352617299,SNU719,Gastric Cancer,Gastric
ACH-000517,4.022367813,SNU410,Pancreatic Cancer,Pancreas
ACH-001415,4.497612366,UMUC7,Bladder Cancer,Urinary Tract
ACH-000681,3.873813198,A549,Lung Cancer,Lung
ACH-001310,4.556429415,HA1E,Engineered,Engineered Kidney
ACH-000070,6.071033244,697,Leukemia,Blood
ACH-000484,4.047887329,VMRCRCW,Kidney Cancer,Kidney
ACH-000108,4.414135533,KP3,Pancreatic Cancer,Pancreas
ACH-000808,4.537917249,HUH28,Bile Duct Cancer,Bile Duct
ACH-000656,4.569855608,SUDHL8,Lymphoma,Lymphocyte
ACH-000166,4.85847839,KASUMI6,Leukemia,Blood
ACH-000997,5.547203025,HCT15,Colon/Colorectal Cancer,Colorectal
ACH-000866,5.521992956,NCIH1048,Lung Cancer,Lung
ACH-000819,5.607626221,LN18,Brain Cancer,Central Nervous System
ACH-000226,4.496334513,SUPM2,Lymphoma,Lymphocyte
ACH-000087,5.636044526,SKES1,Bone Cancer,Bone
ACH-000340,4.133399125,HS870T,Fibroblast,Fibroblast
ACH-002005,5.163096138,SKMEL19,Skin Cancer,Skin
ACH-000658,3.522306893,KMS18,Myeloma,Plasma Cell
ACH-000758,6.303598117,MKN74,Gastric Cancer,Gastric
ACH-000196,4.087462841,HCC1599,Breast Cancer,Breast
ACH-000258,4.958378712,DU4475,Breast Cancer,Breast
ACH-000163,5.049195106,SW579,Thyroid Cancer,Thyroid
ACH-000076,4.646162657,NCO2,Leukemia,Blood
ACH-000509,5.547511524,HUT78,Lymphoma,Lymphocyte
ACH-001193,5.953032377,SKPNDW,Bone Cancer,Bone
ACH-000571,4.9795681,T98G,Brain Cancer,Central Nervous System
ACH-000391,4.93593114,MHHES1,Bone Cancer,Bone
ACH-000293,5.796493929,KLE,Endometrial/Uterine Cancer,Uterus
ACH-000584,5.077242999,JHOS4,Ovarian Cancer,Ovary
ACH-001690,2.914564523,UPCISCC026,Head and Neck Cancer,Upper Aerodigestive
ACH-000586,5.729280846,NCIH1876,Lung Cancer,Lung
ACH-000944,5.399171094,NAMALWA,Lymphoma,Lymphocyte
ACH-001173,5.433960931,R262,Brain Cancer,Central Nervous System
ACH-000561,4.811984719,TDOTT,Esophageal Cancer,Esophagus
ACH-001648,4.155425432,SHMAC4,Prostate Cancer,Prostate
ACH-000394,4.90833257,NCIH2081,Lung Cancer,Lung
ACH-000954,5.173527238,HEC1A,Endometrial/Uterine Cancer,Uterus
ACH-000204,4.97819563,LP1,Myeloma,Plasma Cell
ACH-001163,3.864928972,CCLFPEDS0001T,Kidney Cancer,Kidney
ACH-000160,4.955126781,BT12,Rhabdoid,Soft Tissue
ACH-000989,4.862947248,SNU175,Colon/Colorectal Cancer,Colorectal
ACH-001347,4.363171077,H157,Head and Neck Cancer,Upper Aerodigestive
ACH-000691,4.887037791,HCC2157,Breast Cancer,Breast
ACH-000268,3.893362211,SNU245,Bile Duct Cancer,Bile Duct
ACH-000119,4,HS863T,Fibroblast,Fibroblast
ACH-000379,4.999549087,NCIH1781,Lung Cancer,Lung
ACH-001341,4.909773104,DOTC24510,Cervical Cancer,Cervix
ACH-001790,4.589164237,RH18DM,Sarcoma,Soft Tissue
ACH-000714,5.408372204,KMS11,Myeloma,Plasma Cell
ACH-000937,5.075104722,PF382,Leukemia,Blood
ACH-000763,4.871350841,MM1S,Myeloma,Plasma Cell
ACH-001673,4.153805336,TFK1,Bile Duct Cancer,Bile Duct
ACH-000326,4.593951284,JURLMK1,Leukemia,Blood
ACH-000300,4.853995647,SLR25,Kidney Cancer,Kidney
ACH-000901,4.884597921,HCC1359,Lung Cancer,Lung
ACH-000816,5.220329955,NCIH524,Lung Cancer,Lung
ACH-000641,5.23878686,CMK,Leukemia,Blood
ACH-000511,5.371210343,CALU1,Lung Cancer,Lung
ACH-000583,5.244887059,MC116,Lymphoma,Lymphocyte
ACH-000836,4.99004722,YD15,Head and Neck Cancer,Upper Aerodigestive
ACH-000975,4.607034346,HCC2450,Lung Cancer,Lung
ACH-000109,5.050066298,NCIH3255,Lung Cancer,Lung
ACH-000467,4.344118335,HCC56,Colon/Colorectal Cancer,Colorectal
ACH-000712,5.508428653,HCC1833,Lung Cancer,Lung
ACH-000671,4.7473874,HUH6,Liver Cancer,Liver
ACH-000523,5.702657543,NCIH1184,Lung Cancer,Lung
ACH-000864,5.360715425,COLO684,Endometrial/Uterine Cancer,Uterus
ACH-000726,4.751677946,TE14,Esophageal Cancer,Esophagus
ACH-000136,4.154615611,CHP126,Neuroblastoma,Peripheral Nervous System
ACH-002067,4.688180359,NOS1,Bone Cancer,Bone
ACH-000440,5.398145117,CA46,Lymphoma,Lymphocyte
ACH-001461,2.266036894,C99,Colon/Colorectal Cancer,Colorectal
ACH-000890,5.29130886,SW1271,Lung Cancer,Lung
ACH-001692,3.818646083,UPCISCC040,Head and Neck Cancer,Upper Aerodigestive
ACH-000027,5.259272487,GOS3,Brain Cancer,Central Nervous System
ACH-000562,4.045268215,HCC78,Lung Cancer,Lung
ACH-000748,5.24830712,SJSA1,Bone Cancer,Bone
ACH-000834,4.109360559,UMUC1,Bladder Cancer,Urinary Tract
ACH-000565,3.486714373,RCM1,Colon/Colorectal Cancer,Colorectal
ACH-000449,4.465321514,MESSA,Sarcoma,Soft Tissue
ACH-000399,5.781884235,NCIH2196,Lung Cancer,Lung
ACH-000770,4.780310099,P31FUJ,Leukemia,Blood
ACH-000710,4.165107985,NCIH854,Lung Cancer,Lung
ACH-000507,4.393004257,KE39,Gastric Cancer,Gastric
ACH-000066,4.315421316,HCC4006,Lung Cancer,Lung
ACH-000022,4.045268215,PATU8988S,Pancreatic Cancer,Pancreas
ACH-001668,4.843481425,SUSA,Teratoma,Embryo
ACH-000334,5.117695043,DB,Lymphoma,Lymphocyte
ACH-000374,5.348019909,HCC1143,Breast Cancer,Breast
ACH-000519,5.154615611,PEER,Leukemia,Blood
ACH-000908,4.577730931,SNU520,Gastric Cancer,Gastric
ACH-002003,3.66106548,A375SKINCJ3,Skin Cancer,Skin
ACH-000574,5.145269857,FUOV1,Ovarian Cancer,Ovary
ACH-000148,5.041330607,HS578T,Breast Cancer,Breast
ACH-002461,4.568640195,RVH421SKINFV1,Skin Cancer,Skin
ACH-000646,3.247927513,OVMANA,Ovarian Cancer,Ovary
ACH-000314,4.805808349,HCC2108,Lung Cancer,Lung
ACH-000040,5.262282806,U118MG,Brain Cancer,Central Nervous System
ACH-001057,3.555816155,DERL2,Lymphoma,Lymphocyte
ACH-000430,5.455491621,TYKNU,Ovarian Cancer,Ovary
ACH-001041,4.814037648,COLO699,Lung Cancer,Lung
ACH-000370,4.121015401,SNU626,Brain Cancer,Central Nervous System
ACH-001630,3.632268215,PEO1,Ovarian Cancer,Ovary
ACH-000437,5.294988268,SW1088,Brain Cancer,Central Nervous System
ACH-000498,4.69432306,KO52,Leukemia,Blood
ACH-001392,3.803227036,SUM185PE,Breast Cancer,Breast
ACH-000503,4.599317794,BICR16,Head and Neck Cancer,Upper Aerodigestive
ACH-000328,4.95373085,LN215,Brain Cancer,Central Nervous System
ACH-000403,4.429615964,NCIH747,Colon/Colorectal Cancer,Colorectal
ACH-000400,3.925049965,SKCO1,Colon/Colorectal Cancer,Colorectal
ACH-000224,4.043519494,HS819T,Fibroblast,Fibroblast
ACH-000318,4.988684687,TE10,Esophageal Cancer,Esophagus
ACH-001430,4.290571851,TC138,Bone Cancer,Bone
ACH-000928,4.303050085,JHUEM1,Endometrial/Uterine Cancer,Uterus
ACH-000893,5.128458384,NCIH1651,Lung Cancer,Lung
ACH-000889,5.282069075,KMM1,Myeloma,Plasma Cell
ACH-000799,4.7322692,HS695T,Skin Cancer,Skin
ACH-001623,4.340562269,ONDA8,Brain Cancer,Central Nervous System
ACH-000736,4.60940039,SNU601,Gastric Cancer,Gastric
ACH-000876,5.048759312,MDAMB415,Breast Cancer,Breast
ACH-001232,4.141596278,UW228,Brain Cancer,Central Nervous System
ACH-001618,4.495695163,OCIM2,Leukemia,Blood
ACH-000235,3.939226578,PANC0403,Pancreatic Cancer,Pancreas
ACH-000381,4.34553831,T84,Colon/Colorectal Cancer,Colorectal
ACH-001993,4.661635602,NALM16,Leukemia,Blood
ACH-001301,3.171527106,COGN278,Neuroblastoma,Peripheral Nervous System
ACH-000854,4.080657663,OCIMY5,Myeloma,Plasma Cell
ACH-000187,5.154210531,CORL311,Lung Cancer,Lung
ACH-000543,5.289834465,SNU489,Brain Cancer,Central Nervous System
ACH-000569,4.409390936,ISTMES1,Lung Cancer,Lung
ACH-000668,5.683696454,HCC70,Breast Cancer,Breast
ACH-000134,4.479618608,HS274T,Fibroblast,Fibroblast
ACH-000924,5.158256229,NCIH2172,Lung Cancer,Lung
ACH-001450,4.575917361,BLUE1,Lymphoma,Lymphocyte
ACH-000296,4.958378712,OUMS23,Colon/Colorectal Cancer,Colorectal
ACH-000713,4.872336288,CAOV3,Ovarian Cancer,Ovary
ACH-001360,4.63284983,MS751,Cervical Cancer,Cervix
ACH-000273,4.676944359,SF539,Brain Cancer,Central Nervous System
ACH-001715,4.185073638,CAL72,Bone Cancer,Bone
ACH-001617,5.09592442,OCILY7,Lymphoma,Lymphocyte
ACH-000639,5.648753033,NCIH211,Lung Cancer,Lung
ACH-000590,4.621758857,NCIH2073,Lung Cancer,Lung
ACH-000553,4.409390936,SQ1,Lung Cancer,Lung
ACH-000084,5.249824549,MUTZ3,Leukemia,Blood
ACH-000094,4.371558863,HPAFII,Pancreatic Cancer,Pancreas
ACH-000361,4.582556003,SKHEP1,Liver Cancer,Liver
ACH-000719,4.64038956,RMGI,Ovarian Cancer,Ovary
ACH-001396,4.618825953,SUM52PE,Breast Cancer,Breast
ACH-001848,3.849999259,ICC8,Bile Duct Cancer,Bile Duct
ACH-000339,4.971773447,HCC461,Lung Cancer,Lung
ACH-000218,4.557042415,PL21,Leukemia,Blood
ACH-000789,5.742545234,NCIH810,Lung Cancer,Lung
ACH-000413,4.395748328,HS739T,Fibroblast,Fibroblast
ACH-000125,4.561326136,TO175T,Fibroblast,Fibroblast
ACH-000180,4.408032466,HS839T,Fibroblast,Fibroblast
ACH-000215,4.951867504,LN382,Brain Cancer,Central Nervous System
ACH-001001,4.560714954,143B,Bone Cancer,Bone
ACH-000407,3.836934011,SNU685,Endometrial/Uterine Cancer,Uterus
ACH-002027,3.733354341,HOUAI,Endometrial/Uterine Cancer,Uterus
ACH-001132,6.108942569,MTA,Lymphoma,Lymphocyte
ACH-001278,4.714245518,BIN67,Ovarian Cancer,Ovary
ACH-000032,5.927422429,MHHCALL3,Leukemia,Blood
ACH-001419,4.053111336,VP229,Breast Cancer,Breast
ACH-000494,5.009884589,OELE,Engineered,Engineered Ovary
ACH-000865,5.270528942,KYSE450,Esophageal Cancer,Esophagus
ACH-000439,4.237257771,ME1,Leukemia,Blood
ACH-001523,4.172327492,HSC1,Skin Cancer,Skin
ACH-000024,4.695993813,OPM2,Myeloma,Plasma Cell
ACH-000674,4.321206567,NUGC4,Gastric Cancer,Gastric
ACH-000670,5.719457275,SBC5,Lung Cancer,Lung
ACH-000599,4.148934105,PATU8902,Pancreatic Cancer,Pancreas
ACH-000263,5.307792796,KASUMI1,Leukemia,Blood
ACH-000303,4.828326926,SNU5,Gastric Cancer,Gastric
ACH-001551,4.372255648,MCC142,Skin Cancer,Skin
ACH-000793,4.653060017,KATOIII,Gastric Cancer,Gastric
ACH-002511,4.59454855,M140325,Skin Cancer,Skin
ACH-000286,3.656496371,SNU1033,Colon/Colorectal Cancer,Colorectal
ACH-000250,5.21916852,KMRC20,Kidney Cancer,Kidney
ACH-000299,4.549669171,HNT34,Leukemia,Blood
ACH-000139,3.710393192,PANC0327,Pancreatic Cancer,Pancreas
ACH-001735,4.427606173,SEMK2,Leukemia,Blood
ACH-001389,5.08491466,SUM1315MO2,Breast Cancer,Breast
ACH-001183,4.115199749,RT11284,Bladder Cancer,Urinary Tract
ACH-000551,5.384740587,K562,Leukemia,Blood
ACH-000037,5.216066783,S117,Sarcoma,Soft Tissue
ACH-000744,4.846994687,NCIH1623,Lung Cancer,Lung
ACH-000420,4.554588852,SNU449,Liver Cancer,Liver
ACH-000336,3.407352751,OCIAML3,Leukemia,Blood
ACH-000486,4.539779192,KU1919,Bladder Cancer,Urinary Tract
ACH-000679,4.699884729,OE19,Esophageal Cancer,Esophagus
ACH-001557,3.807354922,MERO41,Lung Cancer,Lung
ACH-000247,4.550285049,OCUM1,Gastric Cancer,Gastric
ACH-000947,5.478971805,OVK18,Ovarian Cancer,Ovary
ACH-000807,4.663344619,SNU738,Brain Cancer,Central Nervous System
ACH-000476,4.74899785,JHH4,Liver Cancer,Liver
ACH-000525,5.499208091,NCIH2171,Lung Cancer,Lung
ACH-001148,4.189824559,OCILY132,Lymphoma,Lymphocyte
ACH-000853,5.316507819,NCIH661,Lung Cancer,Lung
ACH-000083,4.362469889,HS281T,Fibroblast,Fibroblast
ACH-000479,3.949534933,KNS81,Brain Cancer,Central Nervous System
ACH-000230,3.482848283,HS742T,Fibroblast,Fibroblast
ACH-001664,4.37920506,SNU638,Gastric Cancer,Gastric
ACH-000955,5.253232939,SNU407,Colon/Colorectal Cancer,Colorectal
ACH-000049,4.776630423,HEKTE,Engineered,Engineered Kidney
ACH-000675,4.809928866,NCIH1734,Lung Cancer,Lung
ACH-000199,4.498250868,HS255T,Fibroblast,Fibroblast
ACH-000193,4.779785005,KARPAS620,Myeloma,Plasma Cell
ACH-000538,5.265286858,HUTU80,Gastric Cancer,Gastric
ACH-000010,5.407352751,NCIH2077,Lung Cancer,Lung
ACH-001647,3.90014226,SHI1,Leukemia,Blood
ACH-001649,4.631104282,SHMAC5,Prostate Cancer,Prostate
ACH-000155,3.707082992,SW1990,Pancreatic Cancer,Pancreas
ACH-000270,4.532316959,HPAC,Pancreatic Cancer,Pancreas
ACH-000683,4.359661722,SNU503,Colon/Colorectal Cancer,Colorectal
ACH-002017,4.458119481,OMM1,Eye Cancer,Eye
ACH-000655,5.030336078,SF268,Brain Cancer,Central Nervous System
ACH-000145,4.8899602,SKLMS1,Sarcoma,Soft Tissue
ACH-001495,4.448240225,EMTOKA,Endometrial/Uterine Cancer,Uterus
ACH-000188,4.199279721,SCC25,Head and Neck Cancer,Upper Aerodigestive
ACH-000080,4.950001749,BDCM,Leukemia,Blood
ACH-000146,5.013908845,THP1,Leukemia,Blood
ACH-000415,3.671293372,BICR6,Head and Neck Cancer,Upper Aerodigestive
ACH-001518,4.472487771,HEC116,Endometrial/Uterine Cancer,Uterus
ACH-000891,5.130519083,HCC1438,Lung Cancer,Lung
ACH-001625,4.406672716,OSC19,Head and Neck Cancer,Upper Aerodigestive
ACH-000895,4.685940148,CL34,Colon/Colorectal Cancer,Colorectal
ACH-000851,4.243364426,MORCPR,Lung Cancer,Lung
ACH-000824,4.87282876,KYSE510,Esophageal Cancer,Esophagus
ACH-000506,4.828326926,NCIH146,Lung Cancer,Lung
ACH-000540,4.503984704,HS606T,Fibroblast,Fibroblast
ACH-000061,5.592158002,HH,Lymphoma,Lymphocyte
ACH-000185,4.308885057,HS737T,Fibroblast,Fibroblast
ACH-000568,4.414135533,UACC812,Breast Cancer,Breast
ACH-000707,5.573495715,P3HR1,Lymphoma,Lymphocyte
ACH-000603,4.888012585,BEN,Lung Cancer,Lung
ACH-000983,4.944858446,KCL22,Leukemia,Blood
ACH-000541,4.762348816,KMS34,Myeloma,Plasma Cell
ACH-000680,3.645009884,SW948,Colon/Colorectal Cancer,Colorectal
ACH-002460,4.172327492,HT144SKINFV2,Skin Cancer,Skin
ACH-000111,5.641256999,HCC1187,Breast Cancer,Breast
ACH-002463,4.038260575,RPE1SS77,Engineered,Engineered
ACH-000369,5.317955218,MOLM16,Leukemia,Blood
ACH-000618,4.418864577,SNU1041,Head and Neck Cancer,Upper Aerodigestive
ACH-000470,4.666756592,SW1463,Colon/Colorectal Cancer,Colorectal
ACH-002039,4.08236197,PK8,Pancreatic Cancer,Pancreas
ACH-000118,5.217230716,HUPT3,Pancreatic Cancer,Pancreas
ACH-000614,4.587364991,RVH421,Skin Cancer,Skin
ACH-001078,3.868884273,HCC1588,Lung Cancer,Lung
ACH-000432,3.932628157,BV173,Leukemia,Blood
ACH-000556,5.326249701,SIHA,Cervical Cancer,Cervix
ACH-001804,4.040015679,LPS510,Liposarcoma,Soft Tissue
ACH-001386,5.29388543,SCLC22H,Lung Cancer,Lung
ACH-001060,4.37920506,DL40,Lymphoma,Lymphocyte
ACH-001525,3.699329526,HT3,Cervical Cancer,Cervix
ACH-001539,3.952333566,KML1,Lymphoma,Lymphocyte
ACH-000014,5.008540672,HS294T,Skin Cancer,Skin
ACH-000637,5.056149961,KYSE520,Esophageal Cancer,Esophagus
ACH-000455,4.458119481,LN428,Brain Cancer,Central Nervous System
ACH-000389,5.062208078,H4,Brain Cancer,Central Nervous System
ACH-000129,5.776630423,NCIH1341,Lung Cancer,Lung
ACH-000490,4.663913842,SF767,Brain Cancer,Central Nervous System
ACH-000434,4.206330648,NCIH1915,Lung Cancer,Lung
ACH-001086,5.155425432,HELA,Cervical Cancer,Cervix
ACH-002042,4.115199749,T3M5,Thyroid Cancer,Thyroid
ACH-000597,4.571069998,TTC709,Rhabdoid,Soft Tissue
ACH-000756,5.146084939,GI1,Brain Cancer,Central Nervous System
ACH-000396,5.248686627,J82,Bladder Cancer,Urinary Tract
ACH-000089,4.085764554,NCIH684,Colon/Colorectal Cancer,Colorectal
ACH-000371,5.883620816,RL,Lymphoma,Lymphocyte
ACH-000265,5.472812666,KP4,Pancreatic Cancer,Pancreas
ACH-000132,4.822730148,JHOS2,Ovarian Cancer,Ovary
ACH-000216,3.528571319,JHESOAD1,Esophageal Cancer,Esophagus
ACH-000613,4.999098034,HOS,Bone Cancer,Bone
ACH-000855,4.13422094,KYSE150,Esophageal Cancer,Esophagus
ACH-000906,3.957914599,ES2,Ovarian Cancer,Ovary
ACH-000348,4.752213368,RPMI7951,Skin Cancer,Skin
ACH-001100,3.726831217,KHYG,Lymphoma,Lymphocyte
ACH-000238,4.753283616,SCC4,Head and Neck Cancer,Upper Aerodigestive
ACH-000237,5.209453366,JHOM1,Ovarian Cancer,Ovary
ACH-000393,5.187846909,HLF,Liver Cancer,Liver
ACH-000623,4.8928767,SNU201,Brain Cancer,Central Nervous System
ACH-000359,4.464668267,MG63,Bone Cancer,Bone
ACH-001028,2.737686761,CHLA06ATRT,Rhabdoid,Soft Tissue
ACH-000621,5.754085782,MDAMB157,Breast Cancer,Breast
ACH-000056,4.767125077,DOHH2,Lymphoma,Lymphocyte
ACH-000483,4.833396134,SNU182,Liver Cancer,Liver
ACH-000514,6.625854931,NCIH1092,Lung Cancer,Lung
ACH-000051,5.034303768,TE617T,Sarcoma,Soft Tissue
ACH-000043,3.612352499,HS895T,Fibroblast,Fibroblast
ACH-000936,4.703765179,EFO27,Ovarian Cancer,Ovary
ACH-000716,4.020591095,TT2609C02,Thyroid Cancer,Thyroid
ACH-000988,4.380590934,MFE319,Endometrial/Uterine Cancer,Uterus
ACH-000952,6.648896806,MDAPCA2B,Prostate Cancer,Prostate
ACH-000065,4.710393192,OCIAML5,Leukemia,Blood
ACH-000609,5.189824559,SF126,Brain Cancer,Central Nervous System
ACH-001411,4.050501697,UMUC5,Bladder Cancer,Urinary Tract
ACH-000504,5.13093087,SNB75,Brain Cancer,Central Nervous System
ACH-000956,5.323009711,22RV1,Prostate Cancer,Prostate
ACH-001712,3.806324057,HS860T,Bone Cancer,Bone
ACH-000652,5.191009849,SUIT2,Pancreatic Cancer,Pancreas
ACH-000414,3.549669171,NCIH1944,Lung Cancer,Lung
ACH-000472,3.805292456,HSC2,Head and Neck Cancer,Upper Aerodigestive
ACH-000007,4.545350645,LS513,Colon/Colorectal Cancer,Colorectal
ACH-000446,3.667892125,KPNSI9S,Neuroblastoma,Peripheral Nervous System
ACH-000386,5.263785614,KG1,Leukemia,Blood
ACH-001850,3.680324357,G415,Gallbladder Cancer,Bile Duct
ACH-000755,3.95419631,HCC2218,Breast Cancer,Breast
ACH-000028,4.803743669,KPL1,Breast Cancer,Breast
ACH-000665,4.740387932,SKMES1,Lung Cancer,Lung
ACH-000078,3.13093087,MHHNB11,Neuroblastoma,Peripheral Nervous System
ACH-002046,4.394376945,HTMMT,Endometrial/Uterine Cancer,Uterus
ACH-000397,4.994127114,TEN,Endometrial/Uterine Cancer,Uterus
ACH-000229,3.983677695,HS822T,Fibroblast,Fibroblast
ACH-000518,4.91981677,CAL33,Head and Neck Cancer,Upper Aerodigestive
ACH-001566,4.64038956,MM370,Skin Cancer,Skin
ACH-000252,4.188242656,LS1034,Colon/Colorectal Cancer,Colorectal
ACH-000572,5.716442237,G361,Skin Cancer,Skin
ACH-001605,4.861459166,NO10,Brain Cancer,Central Nervous System
ACH-000277,4.802710219,HCC1419,Breast Cancer,Breast
ACH-001239,5.423914268,WM2664,Skin Cancer,Skin
ACH-000786,4.770300489,DAUDI,Lymphoma,Lymphocyte
ACH-000803,5.748729567,COLO668,Lung Cancer,Lung
ACH-001970,5.074248523,MM253,Skin Cancer,Skin
ACH-002038,5.136683578,HSKTC,Ovarian Cancer,Ovary
ACH-000537,5.086189313,SNU761,Liver Cancer,Liver
ACH-000419,5.898692073,KMS28BM,Myeloma,Plasma Cell
ACH-000724,4.875288598,HT1376,Bladder Cancer,Urinary Tract
ACH-000522,4.890933022,UMUC3,Bladder Cancer,Urinary Tract
ACH-001549,4.902556005,LU135,Lung Cancer,Lung
ACH-000706,4.819668183,EKVX,Lung Cancer,Lung
ACH-000737,3.381283373,NCIH1385,Lung Cancer,Lung
ACH-000548,4.612942196,BHY,Head and Neck Cancer,Upper Aerodigestive
ACH-001839,3.468583317,ICC137,Bile Duct Cancer,Bile Duct
ACH-001799,4.669593751,LPS141,Liposarcoma,Soft Tissue
ACH-001573,3.724650272,MOLM1,Leukemia,Blood
ACH-000425,5.100977648,UACC62,Skin Cancer,Skin
ACH-000375,4.957450336,G402,Kidney Cancer,Soft Tissue
ACH-000753,6.010556078,JMSU1,Bladder Cancer,Urinary Tract
ACH-000275,4.430954271,HS834T,Fibroblast,Fibroblast
ACH-000735,4.373648211,PECAPJ49,Head and Neck Cancer,Upper Aerodigestive
ACH-000654,5.657640005,RAJI,Lymphoma,Lymphocyte
ACH-001067,4.359661722,F5,Brain Cancer,Central Nervous System
ACH-000170,5.154210531,PRECLH,Engineered,Engineered Prostate
ACH-001394,4.189824559,SUM229PE,Breast Cancer,Breast
ACH-000404,5.277240898,K029AX,Skin Cancer,Skin
ACH-000882,4.653060017,IGR1,Skin Cancer,Skin
ACH-001509,3.590961241,H357,Head and Neck Cancer,Upper Aerodigestive
ACH-000210,4.545968369,CADOES1,Bone Cancer,Bone
ACH-000254,4.572889668,SCC15,Head and Neck Cancer,Upper Aerodigestive
ACH-000604,3.075532631,KYO1,Leukemia,Blood
ACH-000090,4.386121157,PC3,Prostate Cancer,Prostate
ACH-000195,4.833396134,SET2,Leukemia,Blood
ACH-001791,3.08236197,LPS6,Liposarcoma,Soft Tissue
ACH-001650,4.211790976,SISO,Cervical Cancer,Cervix
ACH-000605,4.849498932,TE6,Esophageal Cancer,Esophagus
ACH-000458,5.332707934,CJM,Skin Cancer,Skin
ACH-000004,5.51916445,HEL,Leukemia,Blood
ACH-000251,4.122672719,NCIH2887,Lung Cancer,Lung
ACH-000241,4.438292852,JK1,Leukemia,Blood
ACH-001194,4.510329019,SKRC31,Kidney Cancer,Kidney
ACH-001443,4.619413011,ASH3,Thyroid Cancer,Thyroid
ACH-000688,4.568032105,OV7,Ovarian Cancer,Ovary
ACH-000405,4.808899839,MEC1,Leukemia,Blood
ACH-000821,5.273142859,EJM,Myeloma,Plasma Cell
ACH-001677,4.575917361,U2904,Lymphoma,Lymphocyte
ACH-001627,3.795974694,P4E6,Prostate Cancer,Prostate
ACH-000951,4.760220946,NCIH2342,Lung Cancer,Lung
ACH-001036,4.316869805,CMK115,Leukemia,Blood
ACH-000547,5.229587923,HT1197,Bladder Cancer,Urinary Tract
ACH-000826,4.814037648,CAL12T,Lung Cancer,Lung
ACH-001147,4.045268215,OCILY12,Lymphoma,Lymphocyte
ACH-000162,5.270155139,GA10,Lymphoma,Lymphocyte
ACH-001751,4.304511042,RH36,Sarcoma,Soft Tissue
ACH-000018,5.01658546,T24,Bladder Cancer,Urinary Tract
ACH-000721,4.969012308,HMC18,Breast Cancer,Breast
ACH-000003,4.391630262,CACO2,Colon/Colorectal Cancer,Colorectal
ACH-000092,4.98550043,NCIH2452,Lung Cancer,Lung
ACH-000669,4.193771743,SW900,Lung Cancer,Lung
ACH-001099,5.3323499,KD,Rhabdoid,Soft Tissue
ACH-000648,3.653060017,NCIH28,Lung Cancer,Lung
ACH-000950,4.152994605,LOVO,Colon/Colorectal Cancer,Colorectal
ACH-000050,4.387500406,NCIH929,Myeloma,Plasma Cell
ACH-001106,4.805808349,KOPN8,Leukemia,Blood
ACH-000367,4.864433796,NCIH226,Lung Cancer,Lung
ACH-000589,4.196134881,NCIH1437,Lung Cancer,Lung
ACH-000564,4.381975479,KHM1B,Myeloma,Plasma Cell
ACH-001522,4.675815931,HMY1,Skin Cancer,Skin
ACH-000831,4.510961919,HEC50B,Endometrial/Uterine Cancer,Uterus
ACH-000424,5.22650853,TC71,Bone Cancer,Bone
ACH-000409,4.298658316,OVSAHO,Ovarian Cancer,Ovary
ACH-000616,5.556429415,HS746T,Gastric Cancer,Gastric
ACH-000628,5.424586226,NCIH596,Lung Cancer,Lung
ACH-000512,4.952333566,INA6,Myeloma,Plasma Cell
ACH-000232,5.244506551,U251MG,Brain Cancer,Central Nervous System
ACH-000820,4.000901403,SW403,Colon/Colorectal Cancer,Colorectal
ACH-001295,5.158660175,Y79,Eye Cancer,Eye
ACH-001164,3.613531653,CCLFPEDS0003T,Sarcoma,Soft Tissue
ACH-000806,5.219942914,L540,Lymphoma,Lymphocyte
ACH-000645,4.66732447,JL1,Lung Cancer,Lung
ACH-000099,3.681449265,SIMA,Neuroblastoma,Peripheral Nervous System
ACH-000902,4.646162657,CAL148,Breast Cancer,Breast
ACH-000649,5.022367813,786O,Kidney Cancer,Kidney
ACH-000086,3.772941338,ACCMESO1,Lung Cancer,Lung
ACH-000149,4.819157224,SKNSH,Neuroblastoma,Peripheral Nervous System
ACH-000142,4.793375711,CAL29,Bladder Cancer,Urinary Tract
ACH-000227,4.50589093,KPNYN,Neuroblastoma,Peripheral Nervous System
ACH-000697,4.60940039,A3KAW,Lymphoma,Lymphocyte
ACH-000942,4.848497755,HPBALL,Leukemia,Blood
ACH-000264,4.311067102,CALU6,Lung Cancer,Lung
ACH-000809,5.019701914,KYSE410,Esophageal Cancer,Esophagus
ACH-000100,5.391286558,RH41,Sarcoma,Soft Tissue
ACH-000060,4.483493351,PANC1005,Pancreatic Cancer,Pancreas
ACH-000001,5.758089934,NIHOVCAR3,Ovarian Cancer,Ovary
ACH-000957,4.745237332,LS180,Colon/Colorectal Cancer,Colorectal
ACH-000650,5.840211433,IGR37,Skin Cancer,Skin
ACH-001196,3.794935663,SMSCTR,Sarcoma,Soft Tissue
ACH-000239,5.342341397,HUG1N,Gastric Cancer,Gastric
ACH-000762,4.74899785,YD38,Head and Neck Cancer,Upper Aerodigestive
ACH-000922,5.161484639,RCHACV,Leukemia,Blood
ACH-000859,5.289465631,HCC1954,Breast Cancer,Breast
ACH-000990,4.784503983,HEC108,Endometrial/Uterine Cancer,Uterus
ACH-000410,5.815319246,SAOS2,Bone Cancer,Bone
ACH-000927,4.766065051,BT474,Breast Cancer,Breast
ACH-001853,3.906890596,KMCH1,Bile Duct Cancer,Bile Duct
ACH-000694,4.768713657,TE9,Esophageal Cancer,Esophagus
ACH-000935,4.319762428,MDST8,Colon/Colorectal Cancer,Colorectal
ACH-000918,5.096346199,MOLT16,Leukemia,Blood
ACH-000761,4.61117238,NUGC2,Gastric Cancer,Gastric
ACH-001563,3.307428525,MM127,Skin Cancer,Skin
ACH-000974,4.225737653,SNGM,Endometrial/Uterine Cancer,Uterus
ACH-000297,5.191404729,NCIH889,Lung Cancer,Lung
ACH-001719,5.382321407,OCIC4P,Ovarian Cancer,Ovary
ACH-000243,4.589164237,DANG,Pancreatic Cancer,Pancreas
ACH-001418,3.836934011,UWB1289,Ovarian Cancer,Ovary
ACH-000362,4.336283388,MOLM13,Leukemia,Blood
ACH-000843,4.917431755,HARA,Lung Cancer,Lung
ACH-000840,4.835924074,HCC366,Lung Cancer,Lung
ACH-001852,3.40053793,HKGZCC,Bile Duct Cancer,Bile Duct
ACH-001528,3.609991295,IHH4,Thyroid Cancer,Thyroid
ACH-001656,5.122672719,SKNO1,Leukemia,Blood
ACH-000016,4.083213368,SLR21,Kidney Cancer,Kidney
ACH-000165,4.623515741,HS751T,Fibroblast,Fibroblast
ACH-001460,3.29130886,C84,Colon/Colorectal Cancer,Colorectal
ACH-000592,4.852997588,TM31,Brain Cancer,Central Nervous System
ACH-001192,5.193377511,SKNEP1,Bone Cancer,Bone
ACH-000045,4.727920455,MV411,Leukemia,Blood
ACH-000741,3.160274831,UBLC1,Bladder Cancer,Urinary Tract
ACH-000912,5.649615459,NCIH2286,Lung Cancer,Lung
ACH-000529,4.320484678,T173,Fibroblast,Fibroblast
ACH-000508,7.438708698,CORL88,Lung Cancer,Lung
ACH-000577,4.319039816,JHH2,Liver Cancer,Liver
ACH-000768,4.813524689,MDAMB231,Breast Cancer,Breast
ACH-000636,5.278356528,RPMI8402,Leukemia,Blood
ACH-000667,4.266786541,HCC44,Lung Cancer,Lung
ACH-000905,5.0721058,5637,Bladder Cancer,Urinary Tract
ACH-001494,3.269033146,EGI1,Bile Duct Cancer,Bile Duct
ACH-000387,5.420212891,TF1,Leukemia,Blood
ACH-002510,4.188242656,M040416,Skin Cancer,Skin
ACH-001303,2.698218478,NB1643,Neuroblastoma,Peripheral Nervous System
ACH-000026,4.624100895,253JBV,Bladder Cancer,Urinary Tract
ACH-000838,4.545968369,AMO1,Myeloma,Plasma Cell
ACH-001172,5.427270935,R256,Brain Cancer,Central Nervous System
ACH-000822,4.566206293,SKMEL24,Skin Cancer,Skin
ACH-000531,3.998195503,RS5,Fibroblast,Fibroblast
ACH-000349,4.056583528,HCC1500,Breast Cancer,Breast
ACH-000527,4.64385619,OVISE,Ovarian Cancer,Ovary
ACH-000279,5.599020177,EWS502,Bone Cancer,Bone
ACH-000516,4.742545234,CAL78,Bone Cancer,Bone
ACH-000812,5.236875245,COLO783,Skin Cancer,Skin
ACH-001300,3.887525271,CHLA15,Neuroblastoma,Peripheral Nervous System
ACH-000524,4.891419187,KURAMOCHI,Ovarian Cancer,Ovary
ACH-000611,5.081510068,SUDHL6,Lymphoma,Lymphocyte
ACH-000411,3.589763487,769P,Kidney Cancer,Kidney
ACH-000718,4.928370323,NCIH2291,Lung Cancer,Lung
ACH-000903,5.14404637,FTC133,Thyroid Cancer,Thyroid
ACH-000433,3.331991778,CAKI1,Kidney Cancer,Kidney
ACH-000499,4.703211467,EW8,Bone Cancer,Bone
ACH-000278,4.969012308,COV362,Ovarian Cancer,Ovary
ACH-000202,4.437627248,COLO320,Colon/Colorectal Cancer,Colorectal
ACH-001736,3.420886575,HB1119,Leukemia,Blood
ACH-001379,4.199279721,PACADD161,Pancreatic Cancer,Pancreas
ACH-000128,6.411595725,LN319,Brain Cancer,Central Nervous System
ACH-000696,4.72955277,OVCAR8,Ovarian Cancer,Ovary
ACH-000041,5.550900665,RDES,Bone Cancer,Bone
ACH-000214,4.50589093,HS675T,Fibroblast,Fibroblast
ACH-000747,5.429950657,NCIH1703,Lung Cancer,Lung
ACH-001307,4.992315252,8505C,Thyroid Cancer,Thyroid
ACH-000341,5.458775699,SKNFI,Neuroblastoma,Peripheral Nervous System
ACH-001740,4.482848283,RH28,Sarcoma,Soft Tissue
ACH-000417,4.804260116,PANC0813,Pancreatic Cancer,Pancreas
ACH-000120,4.162693432,CHP212,Neuroblastoma,Peripheral Nervous System
ACH-001694,4.292045492,UPCISCC074,Head and Neck Cancer,Upper Aerodigestive
ACH-001542,2.957914599,KON,Head and Neck Cancer,Upper Aerodigestive
ACH-002509,3.648465443,WM4235,Skin Cancer,Skin
ACH-000438,4.72628629,LU65,Lung Cancer,Lung
ACH-001366,4.902073579,NGP,Neuroblastoma,Peripheral Nervous System
ACH-000532,3.959770155,SNU61,Colon/Colorectal Cancer,Colorectal
ACH-000653,4.981852653,JJN3,Myeloma,Plasma Cell
ACH-000839,4.244125943,SCABER,Bladder Cancer,Urinary Tract
ACH-000673,5.165911939,LN443,Brain Cancer,Central Nervous System
ACH-001524,4.148120631,HSC5,Skin Cancer,Skin
ACH-000069,5.17512535,HS611T,Lymphoma,Lymphocyte
ACH-000323,4.881175155,42MGBA,Brain Cancer,Central Nervous System
ACH-000021,4.605257263,NCIH1693,Lung Cancer,Lung
ACH-001863,3.852997588,TKKK,Bile Duct Cancer,Bile Duct
ACH-000980,5.649040566,NCIH1155,Lung Cancer,Lung
ACH-000106,4.424250286,JVM2,Lymphoma,Lymphocyte
ACH-000734,4.219555769,JHH5,Liver Cancer,Liver
ACH-000845,4.408711861,NCIH1373,Lung Cancer,Lung
ACH-000730,4.776103988,SKMEL5,Skin Cancer,Skin
ACH-001334,4.761285273,C4I,Cervical Cancer,Cervix
ACH-000698,5.754085782,DMS53,Lung Cancer,Lung
ACH-000802,4.388878339,BFTC905,Bladder Cancer,Urinary Tract
ACH-001836,4.40053793,ICC108,Bile Duct Cancer,Bile Duct
ACH-000573,5.086189313,MDAMB436,Breast Cancer,Breast
ACH-001699,3.753818443,UPCISCC131,Head and Neck Cancer,Upper Aerodigestive
ACH-000963,5.17990909,CCK81,Colon/Colorectal Cancer,Colorectal
ACH-001567,3.826802684,MM383,Skin Cancer,Skin
ACH-001653,3.379898164,SKGT2,Gastric Cancer,Gastric
ACH-000852,5.627606838,NCIH1435,Lung Cancer,Lung
ACH-001862,3.75595577,TGBC52TKB,Bile Duct Cancer,Bile Duct
ACH-000661,4.932628157,WM1799,Skin Cancer,Skin
ACH-001500,5.387500406,FLO1,Esophageal Cancer,Esophagus
ACH-001190,4.615887074,SKMEL2,Skin Cancer,Skin
ACH-002467,4.066950244,RPE1SS51,Engineered,Engineered
ACH-000364,5.090430042,U2OS,Bone Cancer,Bone
ACH-000448,3.815575429,NCIH1666,Lung Cancer,Lung
ACH-000932,4.602884409,SNU1,Gastric Cancer,Gastric
ACH-000783,5,CAMA1,Breast Cancer,Breast
ACH-002044,4.907371414,HSQ89,Head and Neck Cancer,Upper Aerodigestive
ACH-000301,4.024142346,LAMA84,Leukemia,Blood
ACH-002459,4.230356745,HT144SKINFV3,Skin Cancer,Skin
ACH-000976,3.077242999,HUCCT1,Bile Duct Cancer,Bile Duct
ACH-001516,5.030777472,HCSC1,Cervical Cancer,Cervix
ACH-001354,5.440952198,LAN2,Neuroblastoma,Peripheral Nervous System
ACH-001645,3.279471296,SEKI,Skin Cancer,Skin
ACH-000867,4.565597176,CHAGOK1,Lung Cancer,Lung
ACH-000304,5.037821465,WM115,Skin Cancer,Skin
ACH-002069,4.261530815,HSOS1,Bone Cancer,Bone
ACH-000931,5.487357715,HMCB,Skin Cancer,Skin
ACH-001374,4.934516502,PA1,Ovarian Cancer,Ovary
ACH-000302,4.77925972,SNU1077,Endometrial/Uterine Cancer,Uterus
ACH-000305,3.890446693,ECGI10,Esophageal Cancer,Esophagus
ACH-000072,4.672990994,MEG01,Leukemia,Blood
ACH-000766,5.088311236,NCIH1648,Lung Cancer,Lung
ACH-000533,4.514753498,NCIH2004RT,Rhabdoid,Soft Tissue
ACH-000343,5.901108243,NCIH522,Lung Cancer,Lung
ACH-000171,4.167518504,VMRCRCZ,Kidney Cancer,Kidney
ACH-000173,4.840966704,JHUEM3,Endometrial/Uterine Cancer,Uterus
ACH-000535,4.860466259,BXPC3,Pancreatic Cancer,Pancreas
ACH-000774,4.580748492,RERFLCAD2,Lung Cancer,Lung
ACH-000178,5.223036338,HS766T,Pancreatic Cancer,Pancreas
ACH-001306,4.811984719,8305C,Thyroid Cancer,Thyroid
ACH-000994,5.057016965,HEC59,Endometrial/Uterine Cancer,Uterus
ACH-000372,5.730096466,P12ICHIKAWA,Leukemia,Blood
ACH-000804,3.641546029,NB1,Neuroblastoma,Peripheral Nervous System
ACH-000011,4.071247819,253J,Bladder Cancer,Urinary Tract
ACH-000733,4.164303583,NCIH1838,Lung Cancer,Lung
ACH-001603,3.08236197,NH12,Neuroblastoma,Peripheral Nervous System
ACH-000829,5.211401637,HUNS1,Myeloma,Plasma Cell
ACH-000141,5.302684614,SNU308,Gallbladder Cancer,Bile Duct
ACH-000810,5.616475329,SKMEL30,Skin Cancer,Skin
ACH-001145,5.238022518,OC316,Ovarian Cancer,Ovary
ACH-000717,4.635173947,COLO680N,Esophageal Cancer,Esophagus
ACH-000738,5.388533979,GB1,Brain Cancer,Central Nervous System
ACH-001843,4.221877081,ICC3,Bile Duct Cancer,Bile Duct
ACH-000780,6.184875343,NCIH1105,Lung Cancer,Lung
ACH-001548,4.072963272,LS,Neuroblastoma,Peripheral Nervous System
ACH-000759,4.003602237,MDAMB175VII,Breast Cancer,Breast
ACH-001555,3.941106311,MERO14,Lung Cancer,Lung
ACH-001369,3.688180359,OCIC5X,Ovarian Cancer,Ovary
ACH-000969,4.368069877,KM12,Colon/Colorectal Cancer,Colorectal
ACH-000873,5.22881869,KYSE270,Esophageal Cancer,Esophagus
ACH-001275,4.23572706,SYO1,Sarcoma,Soft Tissue
ACH-000921,5.259649121,NCIH1339,Lung Cancer,Lung
ACH-001373,4.360364277,OV17R,Ovarian Cancer,Ovary
ACH-001022,4.615887074,CBAGPN,Bone Cancer,Bone
ACH-000082,4.901108243,G292CLONEA141B1,Bone Cancer,Bone
ACH-000488,4.580748492,TE11,Esophageal Cancer,Esophagus
ACH-000790,5.15704371,SHP77,Lung Cancer,Lung
ACH-000172,4.578938713,TM87,Rhabdoid,Soft Tissue
ACH-000647,5.459759467,TE1,Esophageal Cancer,Esophagus
ACH-000602,4.669026766,M07E,Leukemia,Blood
ACH-000156,5.394719913,MHHCALL4,Leukemia,Blood
ACH-002001,3.374343989,A375SKINCJ1,Skin Cancer,Skin
ACH-000315,5.590961241,KARPAS422,Lymphoma,Lymphocyte
ACH-002446,3.66106548,CCLFUPGI0005T,Gastric Cancer,Gastric
ACH-000201,4.47118746,A204,Rhabdoid,Soft Tissue
ACH-000435,4.060047384,EFE184,Endometrial/Uterine Cancer,Uterus
ACH-000965,5.084064265,RL952,Endometrial/Uterine Cancer,Uterus
ACH-001550,4.492494152,MCC13,Skin Cancer,Skin
ACH-002026,4.101818134,HHUA,Endometrial/Uterine Cancer,Uterus
ACH-000883,4.926948248,SW1783,Brain Cancer,Central Nervous System
ACH-000482,4.74899785,RERFLCKJ,Lung Cancer,Lung
ACH-000450,5.123086751,MELHO,Skin Cancer,Skin
ACH-000835,5.147306699,GCT,Sarcoma,Soft Tissue
ACH-001802,4.19298317,LPS853,Liposarcoma,Soft Tissue
ACH-000629,3.763411574,IOMMLEE,Brain Cancer,Central Nervous System
ACH-000715,4.420212891,SNU1214,Head and Neck Cancer,Upper Aerodigestive
ACH-000870,5.720004787,NCIH1930,Lung Cancer,Lung
ACH-000874,3.529820947,RS411,Leukemia,Blood
ACH-000910,5.000450772,MDAMB453,Breast Cancer,Breast
ACH-000779,3.922197848,PC9,Lung Cancer,Lung
ACH-000140,5.153400028,PFEIFFER,Lymphoma,Lymphocyte
ACH-001096,4.22881869,JR,Sarcoma,Soft Tissue
ACH-001484,3.649615459,CI,Leukemia,Blood
ACH-000693,4.577730931,KYSE180,Esophageal Cancer,Esophagus
ACH-000811,5.065227623,SKOV3,Ovarian Cancer,Ovary
ACH-000101,5.007644031,KE37,Leukemia,Blood
ACH-000423,5.522306893,SKMEL3,Skin Cancer,Skin
ACH-000290,4.907371414,NCIH209,Lung Cancer,Lung
ACH-000492,5.196528361,MUTZ5,Leukemia,Blood
ACH-001519,3.800123353,HEMCSS,Bone Cancer,Bone
ACH-000110,4.681449265,NCCSTCK140,Gastric Cancer,Gastric
ACH-001497,3.844988157,ESO51,Esophageal Cancer,Esophagus
ACH-000102,4.985044962,GMS10,Brain Cancer,Central Nervous System
ACH-000817,5.01346226,RPMI8226,Myeloma,Plasma Cell
ACH-001556,4.110196178,MERO25,Lung Cancer,Lung
ACH-000964,4.826294245,MOLT3,Leukemia,Blood
ACH-000378,5.132988043,NCIH647,Lung Cancer,Lung
ACH-000913,5.060047384,ESS1,Endometrial/Uterine Cancer,Uterus
ACH-000575,4.516015147,HCC364,Lung Cancer,Lung
ACH-000634,4.721372659,LN340,Brain Cancer,Central Nervous System
ACH-001322,4.536674618,CME1,Sarcoma,Soft Tissue
ACH-000767,4.750070486,NCIH526,Lung Cancer,Lung
ACH-001642,3.884597921,SCC3,Lymphoma,Lymphocyte
ACH-001552,4.237257771,MCC26,Skin Cancer,Skin
ACH-000451,4.997744026,NCIH2085,Lung Cancer,Lung
ACH-000879,5.441616269,MFE296,Endometrial/Uterine Cancer,Uterus
ACH-001842,3.663344619,ICC2,Bile Duct Cancer,Bile Duct
ACH-001032,4.277984747,CHLA32,Bone Cancer,Bone
ACH-000982,4.859969548,GP2D,Colon/Colorectal Cancer,Colorectal
ACH-001636,4.456149035,RAMOS,Lymphoma,Lymphocyte
ACH-000189,3.869871406,RCC10RGB,Kidney Cancer,Kidney
ACH-000454,4.444932049,HCC95,Lung Cancer,Lung
ACH-000131,4.263785614,HS229T,Fibroblast,Fibroblast
ACH-000660,5.145677455,SUDHL5,Lymphoma,Lymphocyte
ACH-001197,4.363871925,SMZ1,Lymphoma,Lymphocyte
ACH-000915,5.191404729,IPC298,Skin Cancer,Skin
ACH-000480,4.995484519,HUH7,Liver Cancer,Liver
ACH-000745,4.811471031,MOLP8,Myeloma,Plasma Cell
ACH-000161,4.229587923,CORL105,Lung Cancer,Lung
ACH-000395,5.516645558,NCIH520,Lung Cancer,Lung
ACH-001459,3.683696454,C80,Colon/Colorectal Cancer,Colorectal
ACH-000916,5.312882955,NCIH1573,Lung Cancer,Lung
ACH-001609,4.244125943,NP3,Brain Cancer,Central Nervous System
ACH-001960,3.560714954,CCSW1,Bile Duct Cancer,Bile Duct
ACH-001856,3.005399988,RBE,Bile Duct Cancer,Bile Duct
ACH-000295,4.69432306,EM2,Leukemia,Blood
ACH-001485,3.560714954,CII,Leukemia,Blood
ACH-000292,5.816855662,NCIH841,Lung Cancer,Lung
ACH-000137,4.802710219,8MGBA,Brain Cancer,Central Nervous System
ACH-000308,5.111448698,EFO21,Ovarian Cancer,Ovary
ACH-000445,4.658782734,KNS60,Brain Cancer,Central Nervous System
ACH-001229,4.726831217,UPCISCC154,Head and Neck Cancer,Upper Aerodigestive
ACH-000144,5.697940583,RERFGC1B,Gastric Cancer,Gastric
ACH-000837,4.860962798,NCIH322,Lung Cancer,Lung
ACH-000048,5.119771162,TOV112D,Ovarian Cancer,Ovary
ACH-000463,4.586764743,NCIH460,Lung Cancer,Lung
ACH-000881,4.857980995,MELJUSO,Skin Cancer,Skin
ACH-000388,3.886550147,NUDHL1,Lymphoma,Lymphocyte
ACH-000147,4.684257705,T47D,Breast Cancer,Breast
ACH-000930,5.622051819,HCC1569,Breast Cancer,Breast
ACH-000899,4.79753184,WM88,Skin Cancer,Skin
ACH-000366,4.784503983,SKNDZ,Neuroblastoma,Peripheral Nervous System
ACH-001526,4.622930351,HUO9,Bone Cancer,Bone
ACH-000064,5.165510018,SALE,Engineered,Engineered Lung
ACH-001329,4.417515003,ANGMCSS,Brain Cancer,Central Nervous System
ACH-000418,4.949067966,SW1353,Bone Cancer,Bone
ACH-001280,4.125155131,SCS214,Sarcoma,Soft Tissue
ACH-000861,4.945326777,HOP62,Lung Cancer,Lung
ACH-000692,3.472487771,SNU899,Head and Neck Cancer,Upper Aerodigestive
ACH-000107,4.894817763,CAPAN2,Pancreatic Cancer,Pancreas
ACH-000133,4.716442237,HS729,Fibroblast,Fibroblast
ACH-000306,4.242602506,HS688AT,Fibroblast,Fibroblast
ACH-001530,4.177917792,JEG3,Endometrial/Uterine Cancer,Uterus
ACH-000651,4.899659026,SW620,Colon/Colorectal Cancer,Colorectal
ACH-000563,5.186262836,EBC1,Lung Cancer,Lung
ACH-000058,5.487357715,ML1,Thyroid Cancer,Thyroid
ACH-000345,4.711494907,KPNRTBM1,Neuroblastoma,Peripheral Nervous System
ACH-000316,5.071247819,SNU886,Liver Cancer,Liver
ACH-000884,3.859969548,MDAMB435S,Skin Cancer,Skin
ACH-000289,4.310340121,SNU466,Brain Cancer,Central Nervous System
ACH-001451,4.704318678,BOKU,Cervical Cancer,Cervix
ACH-000355,5.573798644,NCIH82,Lung Cancer,Lung
ACH-000962,5.004501392,OC314,Ovarian Cancer,Ovary
ACH-000473,4.64731451,RT112,Bladder Cancer,Urinary Tract
ACH-000192,4.9800253,MFE280,Endometrial/Uterine Cancer,Uterus
ACH-001624,4.203201156,ONDA9,Brain Cancer,Central Nervous System
ACH-001807,3.518535139,LPS067,Liposarcoma,Soft Tissue
ACH-002466,3.898208353,RPE1SS111,Engineered,Engineered
ACH-001344,2.580145484,GIMEN,Neuroblastoma,Peripheral Nervous System
ACH-000757,5.094658343,A427,Lung Cancer,Lung
ACH-000054,4.904484098,HT1080,Sarcoma,Soft Tissue
ACH-001318,4.836934011,PLCPRF5,Liver Cancer,Liver
ACH-000601,5.18705509,MIAPACA2,Pancreatic Cancer,Pancreas
ACH-000635,5.21218021,SNU119,Ovarian Cancer,Ovary
ACH-001857,4.06436554,SG231,Bile Duct Cancer,Bile Duct
ACH-000966,4.89772447,IGROV1,Ovarian Cancer,Ovary
ACH-000630,4.56193706,YD8,Head and Neck Cancer,Upper Aerodigestive
ACH-000225,5.575614878,ECC12,Gastric Cancer,Gastric
ACH-000657,4.942983598,A2780,Ovarian Cancer,Ovary
ACH-000624,4.248686627,HCC1806,Breast Cancer,Breast
ACH-000699,5.440952198,HCC1395,Breast Cancer,Breast
ACH-000923,4.191404729,BCP1,Lymphoma,Lymphocyte
ACH-000687,5.191799501,CI1,Lymphoma,Lymphocyte
ACH-000044,4.479618608,MDAMB134VI,Breast Cancer,Breast
ACH-000740,4.250961574,A253,Head and Neck Cancer,Upper Aerodigestive
ACH-000447,4.142413438,NCIH2228,Lung Cancer,Lung
ACH-001416,3.807354922,UMUC9,Bladder Cancer,Urinary Tract
ACH-000319,4.543495883,MPP89,Lung Cancer,Lung
ACH-000198,4.77925972,EOL1,Leukemia,Blood
ACH-000280,4.8899602,SNU840,Ovarian Cancer,Ovary
ACH-000104,5.804260116,LOUCY,Leukemia,Blood
ACH-001835,4.008988783,ICC106,Bile Duct Cancer,Bile Duct
ACH-000892,4.078951341,NCIH1563,Lung Cancer,Lung
ACH-000493,4.703211467,SNU423,Liver Cancer,Liver
ACH-000042,4.316145742,PANC0203,Pancreatic Cancer,Pancreas
ACH-002045,4.032982417,HO1U1,Head and Neck Cancer,Upper Aerodigestive
ACH-000221,5.29388543,SNU398,Liver Cancer,Liver
ACH-000093,4.710393192,PANC0504,Pancreatic Cancer,Pancreas
ACH-000477,4.639232163,MALME3M,Skin Cancer,Skin
ACH-000746,4.730639956,GSS,Gastric Cancer,Gastric
ACH-000356,5.580145484,MKN45,Gastric Cancer,Gastric
ACH-000457,4.353323291,CAL54,Kidney Cancer,Kidney
ACH-000904,6.538848521,NCIH2106,Lung Cancer,Lung
ACH-000244,5.011227255,DKMG,Brain Cancer,Central Nervous System
ACH-000610,5.497293009,NCIH2227,Lung Cancer,Lung
ACH-000081,4.403267722,GDM1,Leukemia,Blood
ACH-000255,5.059614856,LMSU,Gastric Cancer,Gastric
ACH-001038,5.194165869,COGE352,Bone Cancer,Bone
ACH-000352,5.404971224,HCC1428,Breast Cancer,Breast
ACH-002016,3.426264755,MEL290,Eye Cancer,Eye
ACH-000416,4.459431619,NCIH838,Lung Cancer,Lung
ACH-000752,5.401220862,NCIH196,Lung Cancer,Lung
ACH-000862,5.335926241,KMBC2,Bladder Cancer,Urinary Tract
ACH-000236,4.66448284,SW1417,Colon/Colorectal Cancer,Colorectal
ACH-000401,5.19061486,COLO800,Skin Cancer,Skin
ACH-000731,4.236492618,HCC2279,Lung Cancer,Lung
ACH-000875,4.03562391,NCIH2347,Lung Cancer,Lung
ACH-000626,5.141596278,U266B1,Myeloma,Plasma Cell
ACH-000593,4.902556005,BC3C,Bladder Cancer,Urinary Tract
ACH-000182,4.795455272,SNU869,Bile Duct Cancer,Bile Duct
ACH-000442,4.197708158,RERFLCSQ1,Lung Cancer,Lung
ACH-000159,4.702657543,OSRC2,Kidney Cancer,Kidney
ACH-000907,3.82984956,SNU349,Kidney Cancer,Kidney
ACH-000191,5.163498732,BHT101,Thyroid Cancer,Thyroid
ACH-000205,4.29351763,PK59,Pancreatic Cancer,Pancreas
ACH-000103,5.377817853,CAOV4,Ovarian Cancer,Ovary
ACH-000739,4.393690764,HEPG2,Liver Cancer,Liver
ACH-001558,3.785550552,MERO48A,Lung Cancer,Lung
ACH-000206,4.621172753,C8166,Lymphoma,Lymphocyte
ACH-000841,5.009436756,NCIH2087,Lung Cancer,Lung
ACH-000615,5.68846014,SKMEL28,Skin Cancer,Skin
ACH-001613,3.639232163,OCIAML4,Leukemia,Blood
ACH-001608,4.198494154,NP2,Brain Cancer,Central Nervous System
ACH-000801,5.192588722,HS936T,Skin Cancer,Skin
ACH-000539,4.572283367,HS618T,Fibroblast,Fibroblast
ACH-000464,4.395748328,CAS1,Brain Cancer,Central Nervous System
ACH-000622,4.627023106,KNS42,Brain Cancer,Central Nervous System
ACH-000452,5.825531251,TE8,Esophageal Cancer,Esophagus
ACH-001390,4.424922088,SUM149PT,Breast Cancer,Breast
ACH-001401,4.660495132,SW13,Adrenal Cancer,Adrenal Cortex
ACH-000365,3.778208576,SUDHL4,Lymphoma,Lymphocyte
ACH-001431,4.377123749,TC205,Bone Cancer,Bone
ACH-000475,4.336283388,HUH1,Liver Cancer,Liver
ACH-000860,4.91981677,NCIH358,Lung Cancer,Lung
ACH-000074,5.012568674,KU812,Leukemia,Blood
ACH-000377,4.845991771,SNU478,Bile Duct Cancer,Bile Duct
ACH-001562,4,MERO95,Lung Cancer,Lung
ACH-002475,4.63343121,HAP1,Engineered,Engineered Blood
ACH-000259,4.967629753,KELLY,Neuroblastoma,Peripheral Nervous System
ACH-001388,1.464668267,SUM102PT,Breast Cancer,Breast
ACH-001410,4.23878686,UMUC4,Bladder Cancer,Urinary Tract
ACH-002025,3.524815928,TT1TKB,Colon/Colorectal Cancer,Colorectal
ACH-000720,4.928370323,TCCSUP,Bladder Cancer,Urinary Tract
ACH-000095,4.700994494,D341,Brain Cancer,Central Nervous System
ACH-001345,3.942983598,GP5D,Colon/Colorectal Cancer,Colorectal
ACH-000558,4.076388069,A172,Brain Cancer,Central Nervous System
ACH-000664,4.700439718,SUDHL1,Lymphoma,Lymphocyte
ACH-000177,5.645298164,NCIH660,Prostate Cancer,Prostate
ACH-000335,4.616475329,MSTO211H,Lung Cancer,Lung
ACH-000940,5.046141782,AN3CA,Endometrial/Uterine Cancer,Uterus
ACH-000631,4.635754391,KS1,Brain Cancer,Central Nervous System
ACH-000207,4.602290585,DETROIT562,Head and Neck Cancer,Upper Aerodigestive
ACH-000764,4.709290636,SH10TC,Gastric Cancer,Gastric
ACH-000995,4.831877241,JURKAT,Leukemia,Blood
ACH-000373,4.634593268,SKM1,Leukemia,Blood
ACH-000953,5.443606651,SUPT1,Leukemia,Blood
ACH-000709,2.961623328,KMRC2,Kidney Cancer,Kidney
ACH-000846,4.95373085,FADU,Head and Neck Cancer,Upper Aerodigestive
ACH-001702,3.968090752,VAESBJ,Sarcoma,Soft Tissue
ACH-000333,4.768184325,JHOM2B,Ovarian Cancer,Ovary
ACH-002059,4.313245852,P30OHK,Leukemia,Blood
ACH-000929,5.068240861,NCIH2110,Lung Cancer,Lung
ACH-001395,3.982765463,SUM44PE,Breast Cancer,Breast
ACH-000948,5.092968509,2313287,Gastric Cancer,Gastric
ACH-002015,3.184280294,MEL285,Eye Cancer,Eye
ACH-000981,5.0725346,DND41,Leukemia,Blood
ACH-000617,4.647890091,OVCAR4,Ovarian Cancer,Ovary
ACH-000311,4.375734539,NCIH2122,Lung Cancer,Lung
ACH-001210,5.244506551,TTC1240,Rhabdoid,Soft Tissue
ACH-001834,4.765534746,ICC10,Bile Duct Cancer,Bile Duct
ACH-000390,4.456149035,LUDLU1,Lung Cancer,Lung
ACH-000468,4.369466484,PK45H,Pancreatic Cancer,Pancreas
ACH-001061,4.43629512,DLD1,Colon/Colorectal Cancer,Colorectal
ACH-000077,5.393347551,MJ,Lymphoma,Lymphocyte
ACH-000456,5.300123725,BCPAP,Thyroid Cancer,Thyroid
ACH-000496,4.619413011,NCIH1792,Lung Cancer,Lung
ACH-002512,3.456806149,MM1610113,Skin Cancer,Skin
ACH-000062,4.703765179,RERFLCMS,Lung Cancer,Lung
ACH-002464,4.008988783,RPE1SS6,Engineered,Engineered
ACH-000088,4.340562269,HS172T,Fibroblast,Fibroblast
ACH-000536,5.047887329,BT20,Breast Cancer,Breast
ACH-000071,4.642701572,HS706T,Fibroblast,Fibroblast
ACH-002004,4.388878339,UACC62SKINCJ1,Skin Cancer,Skin
ACH-000878,5.207111961,HCC15,Lung Cancer,Lung
ACH-001380,3.50589093,PACADD165,Pancreatic Cancer,Pancreas
ACH-000385,4.750070486,SKRC20,Kidney Cancer,Kidney
ACH-000412,4.329841177,SNU1197,Colon/Colorectal Cancer,Colorectal
ACH-000427,4.128458384,NCIN87,Gastric Cancer,Gastric
ACH-000938,4.930737338,NALM6,Leukemia,Blood
ACH-000462,4.983221651,NALM1,Leukemia,Blood
ACH-000939,5.550285049,SKUT1,Sarcoma,Soft Tissue
ACH-000325,4.517275693,SNU620,Gastric Cancer,Gastric
ACH-000515,4.416164165,HCC33,Lung Cancer,Lung
ACH-001033,4.3950628,CHLA57,Bone Cancer,Bone
ACH-000919,4.727375939,IM95,Gastric Cancer,Gastric
ACH-000863,4.47118746,DBTRG05MG,Brain Cancer,Central Nervous System
ACH-000642,5.098453246,HMEL,Engineered,Engineered Breast
ACH-000581,5.191799501,SNU16,Gastric Cancer,Gastric
ACH-001050,4.066950244,CW9019,Sarcoma,Soft Tissue
ACH-001818,3.370164281,C396,Bone Cancer,Bone
ACH-001384,3.558267634,RO82W1,Thyroid Cancer,Thyroid
ACH-000797,4.592158002,HLFA,Fibroblast,Fibroblast
ACH-000220,5.295723025,MINO,Lymphoma,Lymphocyte
ACH-000827,4.75595577,WM793,Skin Cancer,Skin
ACH-000961,4.902556005,ISHIKAWAHERAKLIO02ER,Endometrial/Uterine Cancer,Uterus
ACH-000778,5.049195106,HSC3,Head and Neck Cancer,Upper Aerodigestive
ACH-000825,3.875780063,HOP92,Lung Cancer,Lung
ACH-000743,5.008092421,CORL95,Lung Cancer,Lung
ACH-000190,4.919340082,HDMYZ,Lymphoma,Lymphocyte
ACH-001819,4.352617299,MFM223,Breast Cancer,Breast
ACH-000157,5.063502942,A4FUK,Lymphoma,Lymphocyte
ACH-001786,3.772941338,SNU1544,Colon/Colorectal Cancer,Colorectal
ACH-000253,4.721372659,COLO201,Colon/Colorectal Cancer,Colorectal
ACH-001376,3.264536431,PACADD135,Pancreatic Cancer,Pancreas
ACH-000958,4.075532631,SW48,Colon/Colorectal Cancer,Colorectal
ACH-000228,5.097189387,BICR31,Head and Neck Cancer,Upper Aerodigestive
ACH-000266,5.005399988,SNU213,Pancreatic Cancer,Pancreas
ACH-001750,4.201633861,TTC442,Sarcoma,Soft Tissue
ACH-000174,4.50589093,CAL62,Thyroid Cancer,Thyroid
ACH-000245,5.335211682,BL41,Lymphoma,Lymphocyte
ACH-001279,4.529196268,SCCOHT1,Ovarian Cancer,Ovary
ACH-000620,4.680324357,JHH1,Liver Cancer,Liver
ACH-000813,5.240314329,T3M10,Lung Cancer,Lung
ACH-001513,3.653060017,HCA1,Cervical Cancer,Cervix
ACH-000168,4.320484678,NOMO1,Leukemia,Blood
ACH-000257,4.811471031,CORL279,Lung Cancer,Lung
ACH-000211,5.230741003,DAOY,Brain Cancer,Central Nervous System
ACH-000283,4.550285049,A1207,Brain Cancer,Central Nervous System
ACH-002041,4.724650272,HOTHC,Thyroid Cancer,Thyroid
ACH-000987,5.911931212,MEWO,Skin Cancer,Skin
ACH-000682,4.129283017,SNU1066,Head and Neck Cancer,Upper Aerodigestive
ACH-000073,3.742006211,GRANTA519,Lymphoma,Lymphocyte
ACH-000212,4.794415866,CAL120,Breast Cancer,Breast
ACH-000096,5.456477629,G401,Rhabdoid,Kidney
ACH-001433,3.828834649,CCLFPEDS0008T,Sarcoma,Soft Tissue
ACH-000063,4.203984166,HS616T,Fibroblast,Fibroblast
ACH-001999,3.776103988,9505BIK,Pancreatic Cancer,Pancreas
ACH-000776,4.755421735,ONS76,Brain Cancer,Central Nervous System
ACH-000521,5.066519781,NCIH2030,Lung Cancer,Lung
ACH-000025,4.800641097,CH157MN,Brain Cancer,Central Nervous System
ACH-000591,4.874305166,LN235,Brain Cancer,Central Nervous System
ACH-001716,4.365972428,GOTO,Neuroblastoma,Peripheral Nervous System
ACH-000833,4.947198584,RH30,Sarcoma,Soft Tissue
ACH-001628,4.408711861,PEA1,Ovarian Cancer,Ovary
ACH-000398,4.641546029,RI1,Lymphoma,Lymphocyte
ACH-000274,5.006746832,HS852T,Skin Cancer,Skin
ACH-001370,4.898208353,OCIP5X,Ovarian Cancer,Ovary
ACH-000029,3.847996907,HCC827GR5,Lung Cancer,Lung
ACH-001849,3.411426246,ICC9,Bile Duct Cancer,Bile Duct
ACH-000644,4.652486495,COLO829,Skin Cancer,Skin
ACH-001422,3.957914599,WPE1NA22,Prostate Cancer,Prostate
ACH-000588,5.410069692,KMS26,Myeloma,Plasma Cell
ACH-000849,4.513490746,MDAMB468,Breast Cancer,Breast
ACH-000219,4.853995647,A375,Skin Cancer,Skin
ACH-000150,4.585563498,HCC2935,Lung Cancer,Lung
ACH-001845,3.09592442,ICC5,Bile Duct Cancer,Bile Duct
ACH-000384,5.356848079,SW780,Bladder Cancer,Urinary Tract
ACH-001053,4.231125158,D425,Brain Cancer,Central Nervous System
ACH-001274,3.47118746,SW982,Sarcoma,Soft Tissue
ACH-000091,5.144454314,OV56,Ovarian Cancer,Ovary
ACH-001634,3.715893371,PGA1,Leukemia,Blood
ACH-000495,3.777156666,TUHR4TKB,Kidney Cancer,Kidney
ACH-000911,4.290571851,NUGC3,Gastric Cancer,Gastric
ACH-000013,5.294988268,ONCODG1,Ovarian Cancer,Ovary
ACH-000777,4.12763328,KYSE30,Esophageal Cancer,Esophagus
ACH-001765,4.177120503,RH4,Sarcoma,Soft Tissue
ACH-000312,4.128458384,SKNBE2,Neuroblastoma,Peripheral Nervous System
ACH-000085,5.224580566,T3M4,Pancreatic Cancer,Pancreas
ACH-000436,4.081510068,OCIMY7,Myeloma,Plasma Cell
ACH-000869,4.711494907,NCIH1568,Lung Cancer,Lung
ACH-000267,4.881175155,HDLM2,Lymphoma,Lymphocyte
ACH-000489,3.472487771,SW1116,Colon/Colorectal Cancer,Colorectal
ACH-000431,5.75033852,NCIH1694,Lung Cancer,Lung
ACH-000152,5.312882955,M059K,Brain Cancer,Central Nervous System
ACH-000909,4.844486088,JHUEM2,Endometrial/Uterine Cancer,Uterus
ACH-000534,4.372255648,WSUDLCL2,Lymphoma,Lymphocyte
ACH-000582,4.914564523,COLO741,Skin Cancer,Skin
ACH-000460,5.121015401,SNU8,Ovarian Cancer,Ovary
ACH-000443,4.531069493,OVKATE,Ovarian Cancer,Ovary
ACH-001570,4.593353771,MM426,Skin Cancer,Skin
ACH-000986,4.521050737,HT115,Colon/Colorectal Cancer,Colorectal
ACH-001335,4.56924803,C4II,Cervical Cancer,Cervix
ACH-000023,4.797012978,PATU8988T,Pancreatic Cancer,Pancreas
ACH-002062,4.151371776,SLVL,Lymphoma,Lymphocyte
ACH-002462,4.070389328,RPE1SS48,Engineered,Engineered
ACH-000151,5.000450772,JM1,Leukemia,Blood
ACH-001277,4.576522138,YAMATO,Sarcoma,Soft Tissue
ACH-000607,5.328046556,KYM1,Rhabdoid,Soft Tissue
ACH-000703,6.145066014,DMS79,Lung Cancer,Lung
ACH-001211,5.255123015,TTC549,Rhabdoid,Soft Tissue
ACH-001511,4.047887329,H413,Head and Neck Cancer,Upper Aerodigestive
ACH-000113,4.622930351,OCIAML2,Leukemia,Blood
ACH-000337,4.46008724,NCIH3122,Lung Cancer,Lung
ACH-000598,4.956056652,KMS21BM,Myeloma,Plasma Cell
ACH-000057,4.797012978,OPM1,Myeloma,Plasma Cell
ACH-000281,4.317593505,KP2,Pancreatic Cancer,Pancreas
ACH-000321,4.221103725,MOLM6,Leukemia,Blood
ACH-000985,4.894332742,LS411N,Colon/Colorectal Cancer,Colorectal
ACH-000444,4.644433152,LU99,Lung Cancer,Lung
ACH-000347,4.541019153,QGP1,Pancreatic Cancer,Pancreas
ACH-001399,3.975446766,SW626,Colon/Colorectal Cancer,Colorectal
ACH-001097,4.167518504,KARPAS384,Lymphoma,Lymphocyte
ACH-000127,4.581351247,SLR20,Kidney Cancer,Kidney
ACH-001961,3.90014226,GB2,Gallbladder Cancer,Bile Duct
ACH-001796,4.186659017,95T1000,Liposarcoma,Soft Tissue
ACH-000307,4.003602237,PK1,Pancreatic Cancer,Pancreas
ACH-001030,3.928844037,CHLA218,Bone Cancer,Bone
ACH-000595,4.767125077,LN229,Brain Cancer,Central Nervous System
ACH-001540,2.648465443,KMLS1,Liposarcoma,Soft Tissue
ACH-000298,5.353323291,NCIH2029,Lung Cancer,Lung
ACH-000771,3.7322692,BICR56,Head and Neck Cancer,Upper Aerodigestive
ACH-000500,4.692092375,SNU46,Head and Neck Cancer,Upper Aerodigestive
ACH-000353,4.521050737,TE15,Esophageal Cancer,Esophagus
ACH-000363,5.010779839,SKMM2,Myeloma,Plasma Cell
ACH-000350,4.635173947,COLO678,Colon/Colorectal Cancer,Colorectal
ACH-000053,4.650190123,KARPAS299,Lymphoma,Lymphocyte
ACH-001543,3.297191417,KOSC2CL343,Head and Neck Cancer,Upper Aerodigestive
ACH-000246,3.935459748,SLR23,Kidney Cancer,Kidney
ACH-000663,3.469885976,OVTOKO,Ovarian Cancer,Ovary
ACH-000346,4.511594542,JVM3,Leukemia,Blood
ACH-001741,5.202025845,RMS13,Sarcoma,Soft Tissue
ACH-000970,4.357552005,SNUC5,Colon/Colorectal Cancer,Colorectal
ACH-001333,4.691534165,C33A,Cervical Cancer,Cervix
ACH-000794,3.545968369,BICR22,Head and Neck Cancer,Upper Aerodigestive
ACH-000039,5.314696526,SKNMC,Bone Cancer,Bone
ACH-000471,4.534808661,LI7,Liver Cancer,Liver
ACH-000850,4.605849867,HS698T,Fibroblast,Fibroblast
ACH-000291,4.40599236,OV90,Ovarian Cancer,Ovary
ACH-001453,4.906409617,BPH1,Prostate Cancer,Prostate
ACH-001458,3.255500733,C75,Colon/Colorectal Cancer,Colorectal
ACH-000886,4.86393845,NCIH2009,Lung Cancer,Lung
ACH-000888,4.422905743,NCIH1793,Lung Cancer,Lung
ACH-000659,4.541019153,SCLC21H,Lung Cancer,Lung
ACH-000030,4.567423758,PC14,Lung Cancer,Lung
ACH-001201,4.131754091,SUMB002,Brain Cancer,Central Nervous System
ACH-000271,3.451540833,SUDHL10,Lymphoma,Lymphocyte
ACH-000549,4.531693361,SNU1076,Head and Neck Cancer,Upper Aerodigestive
ACH-001212,4.865918815,TTC642,Rhabdoid,Soft Tissue
ACH-000555,3.533563348,A498,Kidney Cancer,Kidney
ACH-000478,5.128870759,SNU387,Liver Cancer,Liver
ACH-000775,5.622637567,NCIH727,Lung Cancer,Lung
ACH-000038,4.440287821,EHEB,Lymphoma,Lymphocyte
ACH-001109,5.183089461,KPMRTRY,Rhabdoid,Soft Tissue
ACH-001442,3.800123353,A388,Skin Cancer,Epidermoid Carcinoma
ACH-000559,5.554895775,NCIH1836,Lung Cancer,Lung
ACH-000510,5.237257771,NCIH1299,Lung Cancer,Lung
ACH-002065,4.008092421,HSPSS,Sarcoma,Central Nervous System
ACH-000676,5.261154673,LN464,Brain Cancer,Central Nervous System
ACH-000844,5.630230716,DMS454,Lung Cancer,Lung
ACH-000925,5.200849575,DV90,Lung Cancer,Lung
ACH-000272,3.434294618,SLR24,Kidney Cancer,Kidney
ACH-001035,3.953265239,CHLA99,Bone Cancer,Bone
ACH-000513,3.200064862,SNU1272,Kidney Cancer,Kidney
ACH-001059,4.622344723,DL,Rhabdoid,Soft Tissue
ACH-000959,4.976821852,SNUC4,Colon/Colorectal Cancer,Colorectal
ACH-000169,5.517905554,RD,Sarcoma,Soft Tissue
ACH-001402,5.233044401,SW756,Cervical Cancer,Cervix
ACH-000796,4.052241981,MCAS,Ovarian Cancer,Ovary
ACH-000143,4.985955755,HCC2429,Lung Cancer,Lung
ACH-000067,5.28503225,HS683,Brain Cancer,Central Nervous System
ACH-000640,5.227278994,SKMEL31,Skin Cancer,Skin
ACH-001674,5.204766751,TGW,Neuroblastoma,Peripheral Nervous System
ACH-001698,2.671293372,UPCISCC116,Head and Neck Cancer,Upper Aerodigestive
ACH-002002,4.173926932,A375SKINCJ2,Skin Cancer,Skin
ACH-002011,4.426264755,MP46,Eye Cancer,Eye
ACH-000967,5.308521062,SNUC2A,Colon/Colorectal Cancer,Colorectal
ACH-000469,5.152994605,YH13,Brain Cancer,Central Nervous System
ACH-001353,3.152183419,JOPACA1,Pancreatic Cancer,Pancreas
ACH-001574,3.866907978,MOLM14,Leukemia,Blood
ACH-000097,3.950468414,ZR751,Breast Cancer,Breast
ACH-000256,5.119771162,COV318,Ovarian Cancer,Ovary
ACH-000977,5.478971805,LNCAPCLONEFGC,Prostate Cancer,Prostate
ACH-000972,4.198494154,HEC151,Endometrial/Uterine Cancer,Uterus
ACH-001367,4.657640005,NMB,Neuroblastoma,Peripheral Nervous System
ACH-000382,4.904002316,CORL24,Lung Cancer,Lung
ACH-000579,5.343763122,UACC257,Skin Cancer,Skin
ACH-001532,4.237257771,JMURTK2,Rhabdoid,Kidney
ACH-000695,4.881175155,CORL47,Lung Cancer,Lung
ACH-001795,4.952333566,94T778,Liposarcoma,Soft Tissue
ACH-001510,3.201633861,H376,Head and Neck Cancer,Upper Aerodigestive
ACH-000502,3.626439137,TCCPAN2,Pancreatic Cancer,Pancreas
ACH-000183,5.63314055,L363,Myeloma,Plasma Cell
ACH-000408,3.844988157,TE5,Esophageal Cancer,Esophagus
ACH-001496,4.5360529,ESO26,Esophageal Cancer,Esophagus
ACH-000788,4.895302621,A2058,Skin Cancer,Skin
ACH-001622,4.169123281,ONDA7,Brain Cancer,Central Nervous System
ACH-000466,4.813011549,SNU216,Gastric Cancer,Gastric
ACH-001560,3.802193217,MERO83,Lung Cancer,Lung
ACH-000005,5.796753477,HEL9217,Leukemia,Blood
ACH-001687,3.269033146,UMRC3,Kidney Cancer,Kidney
ACH-001151,4.158660175,OVCAR5,Ovarian Cancer,Ovary
ACH-000701,3.977279923,RMUGS,Ovarian Cancer,Ovary
ACH-000542,3.725741157,HEYA8,Ovarian Cancer,Ovary
ACH-000126,4.676944359,KG1C,Brain Cancer,Central Nervous System
ACH-001685,4.252476214,UHO1,Lymphoma,Lymphocyte
ACH-000933,4.448240225,SNU324,Pancreatic Cancer,Pancreas
ACH-000068,5.13627343,REC1,Lymphoma,Lymphocyte
ACH-000015,5.766330131,NCIH1581,Lung Cancer,Lung
ACH-001111,4.014355293,L82,Lymphoma,Lymphocyte
ACH-000487,4.493775408,F36P,Leukemia,Blood
ACH-000122,6.069745124,SUPT11,Leukemia,Blood
ACH-000288,5.496014873,BT549,Breast Cancer,Breast
ACH-001820,4.592158002,COLO824,Breast Cancer,Breast
ACH-000782,5.258141996,SEM,Leukemia,Blood
ACH-001632,3.578938713,PEO4,Ovarian Cancer,Ovary
ACH-000357,4.658782734,JEKO1,Lymphoma,Lymphocyte
ACH-000079,4.315421316,TE125T,Fibroblast,Fibroblast
ACH-001031,4.283180979,CHLA266,Rhabdoid,Soft Tissue
ACH-001048,4.061776198,COV504,Ovarian Cancer,Ovary
ACH-000453,4.132576843,MOLP2,Myeloma,Plasma Cell
ACH-000791,4.376429311,RERFLCAD1,Lung Cancer,Lung
ACH-000567,5.253611152,ST486,Lymphoma,Lymphocyte
ACH-001391,4.197708158,SUM159PT,Breast Cancer,Breast
ACH-001075,3.584962501,NCIH292,Lung Cancer,Lung
ACH-000105,5.324810603,ALLSIL,Leukemia,Blood
ACH-000557,4.865423978,AML193,Leukemia,Blood
ACH-000175,4.351910961,TE159T,Fibroblast,Fibroblast
ACH-001356,4.502712486,MB1,Thyroid Cancer,Thyroid
ACH-001844,4.017031081,ICC4,Bile Duct Cancer,Bile Duct
ACH-001346,4.165107985,H103,Head and Neck Cancer,Upper Aerodigestive
ACH-000885,4.617651119,TOV21G,Ovarian Cancer,Ovary
ACH-000900,5.182295025,NCIH23,Lung Cancer,Lung
ACH-000666,5.5987225,NCIH1355,Lung Cancer,Lung
ACH-000217,4.660495132,JHH6,Liver Cancer,Liver
ACH-000872,4.653060017,HCC515,Lung Cancer,Lung
ACH-001638,4.286141873,RCK8,Lymphoma,Lymphocyte
ACH-001228,4.211012193,UPCISCC152,Head and Neck Cancer,Upper Aerodigestive
ACH-000181,4.907852072,SCC9,Head and Neck Cancer,Upper Aerodigestive
ACH-000115,5.406672716,VCAP,Prostate Cancer,Prostate
ACH-000130,6.437627248,NALM19,Leukemia,Blood
ACH-000121,5.076815597,NCIH2405,Lung Cancer,Lung
ACH-001711,3.791814071,PFSK1,Brain Cancer,Central Nervous System
ACH-000934,4.655351829,MDAMB361,Breast Cancer,Breast
ACH-000996,4.885574364,HEC251,Endometrial/Uterine Cancer,Uterus
ACH-001529,4.384049807,JAR,Endometrial/Uterine Cancer,Uterus
ACH-001743,4.94204526,RC2,Sarcoma,Soft Tissue
ACH-000320,4.40599236,PSN1,Pancreatic Cancer,Pancreas
ACH-000505,5.025471815,RKN,Sarcoma,Soft Tissue
ACH-000781,5.290203205,NCIH2023,Lung Cancer,Lung
ACH-000059,5.398145117,SUPB15,Leukemia,Blood
ACH-000920,5.053111336,CMLT1,Leukemia,Blood
ACH-000294,4.906409617,NB4,Leukemia,Blood
ACH-000422,5.218393711,SNU475,Liver Cancer,Liver
ACH-000200,4.890933022,NMCG1,Brain Cancer,Central Nervous System
ACH-000046,4.575917361,ACHN,Kidney Cancer,Kidney
ACH-000968,4.321206567,COLO792,Skin Cancer,Skin
ACH-000830,5.528571319,NCIH1436,Lung Cancer,Lung
ACH-000114,4.363871925,SU8686,Pancreatic Cancer,Pancreas
ACH-000402,5.292045492,BL70,Lymphoma,Lymphocyte
ACH-000036,4.10433666,U343,Brain Cancer,Central Nervous System
ACH-000973,4.717539343,639V,Bladder Cancer,Urinary Tract
ACH-001128,5.299757512,MON,Rhabdoid,Soft Tissue
ACH-000750,4.015247774,LOXIMVI,Skin Cancer,Skin
ACH-000285,5.126807703,TOLEDO,Lymphoma,Lymphocyte
ACH-001858,4.21800615,SSP25,Bile Duct Cancer,Bile Duct
ACH-001997,3.811471031,ECC2,Bile Duct Cancer,Bile Duct
ACH-000052,4.936402378,A673,Bone Cancer,Bone